Using pre-set license
Built from '2022.3/staging' branch; Version is '2022.3.33f1 (b2c853adf198) revision 11716691'; Using compiler version '192829333'; Build Type 'Release'
OS: 'Windows 10  (10.0.19045) 64bit Professional' Language: 'en' Physical Memory: 16308 MB
BatchMode: 1, IsHumanControllingUs: 0, StartBugReporterOnCrash: 0, Is64bit: 1, IsPro: 1

COMMAND LINE ARGUMENTS:
C:\Program Files\Unity\Hub\Editor\2022.3.33f1\Editor\Unity.exe
-adb2
-batchMode
-noUpm
-name
AssetImportWorker10
-projectPath
C:/Users/d3n1s/Documents/GitHub/diplomski/It's Up 2 Us
-logFile
Logs/AssetImportWorker10.log
-srvPort
50500
Successfully changed project path to: C:/Users/d3n1s/Documents/GitHub/diplomski/It's Up 2 Us
C:/Users/d3n1s/Documents/GitHub/diplomski/It's Up 2 Us
[UnityMemory] Configuration Parameters - Can be set up in boot.config
    "memorysetup-bucket-allocator-granularity=16"
    "memorysetup-bucket-allocator-bucket-count=8"
    "memorysetup-bucket-allocator-block-size=33554432"
    "memorysetup-bucket-allocator-block-count=8"
    "memorysetup-main-allocator-block-size=16777216"
    "memorysetup-thread-allocator-block-size=16777216"
    "memorysetup-gfx-main-allocator-block-size=16777216"
    "memorysetup-gfx-thread-allocator-block-size=16777216"
    "memorysetup-cache-allocator-block-size=4194304"
    "memorysetup-typetree-allocator-block-size=2097152"
    "memorysetup-profiler-bucket-allocator-granularity=16"
    "memorysetup-profiler-bucket-allocator-bucket-count=8"
    "memorysetup-profiler-bucket-allocator-block-size=33554432"
    "memorysetup-profiler-bucket-allocator-block-count=8"
    "memorysetup-profiler-allocator-block-size=16777216"
    "memorysetup-profiler-editor-allocator-block-size=1048576"
    "memorysetup-temp-allocator-size-main=16777216"
    "memorysetup-job-temp-allocator-block-size=2097152"
    "memorysetup-job-temp-allocator-block-size-background=1048576"
    "memorysetup-job-temp-allocator-reduction-small-platforms=262144"
    "memorysetup-allocator-temp-initial-block-size-main=262144"
    "memorysetup-allocator-temp-initial-block-size-worker=262144"
    "memorysetup-temp-allocator-size-background-worker=32768"
    "memorysetup-temp-allocator-size-job-worker=262144"
    "memorysetup-temp-allocator-size-preload-manager=33554432"
    "memorysetup-temp-allocator-size-nav-mesh-worker=65536"
    "memorysetup-temp-allocator-size-audio-worker=65536"
    "memorysetup-temp-allocator-size-cloud-worker=32768"
    "memorysetup-temp-allocator-size-gi-baking-worker=262144"
    "memorysetup-temp-allocator-size-gfx=262144"
Player connection [21876] Host "[IP] 192.168.1.6 [Port] 0 [Flags] 2 [Guid] 3303375877 [EditorId] 3303375877 [Version] 1048832 [Id] WindowsEditor(7,PiSi) [Debug] 1 [PackageName] WindowsEditor [ProjectName] Editor" joined multi-casting on [225.0.0.222:54997]...

Player connection [21876] Host "[IP] 192.168.1.6 [Port] 0 [Flags] 2 [Guid] 3303375877 [EditorId] 3303375877 [Version] 1048832 [Id] WindowsEditor(7,PiSi) [Debug] 1 [PackageName] WindowsEditor [ProjectName] Editor" joined alternative multi-casting on [225.0.0.222:34997]...

[PhysX] Initialized MultithreadedTaskDispatcher with 12 workers.
Refreshing native plugins compatible for Editor in 12.78 ms, found 4 plugins.
Preloading 0 native plugins for Editor in 0.00 ms.
Initialize engine version: 2022.3.33f1 (b2c853adf198)
[Subsystems] Discovering subsystems at path C:/Program Files/Unity/Hub/Editor/2022.3.33f1/Editor/Data/Resources/UnitySubsystems
[Subsystems] Discovering subsystems at path C:/Users/d3n1s/Documents/GitHub/diplomski/It's Up 2 Us/Assets
GfxDevice: creating device client; threaded=0; jobified=0
Direct3D:
    Version:  Direct3D 11.0 [level 11.1]
    Renderer: Radeon RX 570 Series (ID=0x67df)
    Vendor:   ATI
    VRAM:     8170 MB
    Driver:   31.0.21921.1000
Shader Hidden/ProbeVolume/VoxelizeScene is not supported: GPU does not support conservative rasterization
Initialize mono
Mono path[0] = 'C:/Program Files/Unity/Hub/Editor/2022.3.33f1/Editor/Data/Managed'
Mono path[1] = 'C:/Program Files/Unity/Hub/Editor/2022.3.33f1/Editor/Data/MonoBleedingEdge/lib/mono/unityjit-win32'
Mono config path = 'C:/Program Files/Unity/Hub/Editor/2022.3.33f1/Editor/Data/MonoBleedingEdge/etc'
Using monoOptions --debugger-agent=transport=dt_socket,embedding=1,server=y,suspend=n,address=127.0.0.1:56196
Begin MonoManager ReloadAssembly
Registering precompiled unity dll's ...
Register platform support module: C:/Program Files/Unity/Hub/Editor/2022.3.33f1/Editor/Data/PlaybackEngines/WebGLSupport/UnityEditor.WebGL.Extensions.dll
Register platform support module: C:/Program Files/Unity/Hub/Editor/2022.3.33f1/Editor/Data/PlaybackEngines/WindowsStandaloneSupport/UnityEditor.WindowsStandalone.Extensions.dll
Registered in 0.008350 seconds.
- Loaded All Assemblies, in  0.278 seconds
Native extension for WindowsStandalone target not found
Native extension for WebGL target not found
Mono: successfully reloaded assembly
- Finished resetting the current domain, in  0.213 seconds
Domain Reload Profiling: 490ms
	BeginReloadAssembly (85ms)
		ExecutionOrderSort (0ms)
		DisableScriptedObjects (0ms)
		BackupInstance (0ms)
		ReleaseScriptingObjects (0ms)
		CreateAndSetChildDomain (1ms)
	RebuildCommonClasses (29ms)
	RebuildNativeTypeToScriptingClass (8ms)
	initialDomainReloadingComplete (51ms)
	LoadAllAssembliesAndSetupDomain (104ms)
		LoadAssemblies (83ms)
		RebuildTransferFunctionScriptingTraits (0ms)
		AnalyzeDomain (102ms)
			TypeCache.Refresh (101ms)
				TypeCache.ScanAssembly (91ms)
			ScanForSourceGeneratedMonoScriptInfo (0ms)
			ResolveRequiredComponents (0ms)
	FinalizeReload (213ms)
		ReleaseScriptCaches (0ms)
		RebuildScriptCaches (0ms)
		SetupLoadedEditorAssemblies (171ms)
			LogAssemblyErrors (0ms)
			InitializePlatformSupportModulesInManaged (8ms)
			SetLoadedEditorAssemblies (4ms)
			RefreshPlugins (0ms)
			BeforeProcessingInitializeOnLoad (2ms)
			ProcessInitializeOnLoadAttributes (117ms)
			ProcessInitializeOnLoadMethodAttributes (41ms)
			AfterProcessingInitializeOnLoad (0ms)
			EditorAssembliesLoaded (0ms)
		ExecutionOrderSort2 (0ms)
		AwakeInstancesAfterBackupRestoration (0ms)
========================================================================
Worker process is ready to serve import requests
Begin MonoManager ReloadAssembly
- Loaded All Assemblies, in  0.552 seconds
Refreshing native plugins compatible for Editor in 4.17 ms, found 4 plugins.
Native extension for WindowsStandalone target not found
Native extension for WebGL target not found
Mono: successfully reloaded assembly
- Finished resetting the current domain, in  0.530 seconds
Domain Reload Profiling: 1079ms
	BeginReloadAssembly (116ms)
		ExecutionOrderSort (0ms)
		DisableScriptedObjects (4ms)
		BackupInstance (0ms)
		ReleaseScriptingObjects (0ms)
		CreateAndSetChildDomain (17ms)
	RebuildCommonClasses (24ms)
	RebuildNativeTypeToScriptingClass (8ms)
	initialDomainReloadingComplete (33ms)
	LoadAllAssembliesAndSetupDomain (367ms)
		LoadAssemblies (259ms)
		RebuildTransferFunctionScriptingTraits (0ms)
		AnalyzeDomain (177ms)
			TypeCache.Refresh (140ms)
				TypeCache.ScanAssembly (114ms)
			ScanForSourceGeneratedMonoScriptInfo (21ms)
			ResolveRequiredComponents (14ms)
	FinalizeReload (530ms)
		ReleaseScriptCaches (0ms)
		RebuildScriptCaches (0ms)
		SetupLoadedEditorAssemblies (404ms)
			LogAssemblyErrors (0ms)
			InitializePlatformSupportModulesInManaged (6ms)
			SetLoadedEditorAssemblies (3ms)
			RefreshPlugins (0ms)
			BeforeProcessingInitializeOnLoad (69ms)
			ProcessInitializeOnLoadAttributes (255ms)
			ProcessInitializeOnLoadMethodAttributes (65ms)
			AfterProcessingInitializeOnLoad (6ms)
			EditorAssembliesLoaded (0ms)
		ExecutionOrderSort2 (0ms)
		AwakeInstancesAfterBackupRestoration (6ms)
Shader Hidden/ProbeVolume/VoxelizeScene is not supported: GPU does not support conservative rasterization
Launched and connected shader compiler UnityShaderCompiler.exe after 0.07 seconds
Refreshing native plugins compatible for Editor in 4.22 ms, found 4 plugins.
Preloading 0 native plugins for Editor in 0.00 ms.
Unloading 5775 Unused Serialized files (Serialized files now loaded: 0)
Unloading 93 unused Assets / (0.5 MB). Loaded Objects now: 6229.
Memory consumption went from 224.3 MB to 223.8 MB.
Total: 3.660300 ms (FindLiveObjects: 0.413600 ms CreateObjectMapping: 0.296300 ms MarkObjects: 2.665200 ms  DeleteObjects: 0.284300 ms)

AssetImportParameters requested are different than current active one (requested -> active):
  custom:container-demuxer-ogg: 62fdf1f143b41e24485cea50d1cbac27 -> 
  custom:scripting/monoscript/fileName/DistortTunnelPass_Distort.cs: e17fd6aebb1f9aae89c3ea13f460c1d4 -> 
  custom:video-decoder-ogg-theora: a1e56fd34408186e4bbccfd4996cb3dc -> 
  custom:framework-win-MediaFoundation: 216162199b28c13a410421893ffa2e32 -> 
  custom:scripting/monoscript/fileName/NewBehaviourScript.cs: b21687ddb03d73bd9f0c1daecb9714de -> 
  custom:scripting/monoscript/fileName/DepthBlitFeature.cs: 9276584c38c07a08d58add88200da03b -> 
  custom:scripting/monoscript/fileName/DistortTunnelPass_CopyColor.cs: 920bd23220de3923e0d97c52ff4d9b4a -> 
  custom:CustomObjectIndexerAttribute: 72b91833f83ae208fae7752999fa3104 -> 
  custom:scripting/monoscript/fileName/DepthBlitEdgePass.cs: 41c3d98af3c2c12dcff99ac9b286fab9 -> 
  custom:scripting/monoscript/fileName/DistortTunnelPass_Tunnel.cs: 932f3fb43fe2df8a2ac984c62bc63690 -> 
  custom:container-demuxer-webm: 4f35f7cbe854078d1ac9338744f61a02 -> 
  custom:scripting/monoscript/fileName/DistortTunnelRendererFeature.cs: 514e5c8cb4d5b24f9164ab5e7b39bcae -> 
  custom:container-muxer-webm: aa71ff27fc2769a1b78a27578f13a17b -> 
  custom:video-decoder-webm-vp8: 9c59270c3fd7afecdb556c50c9e8de78 -> 
  custom:SearchIndexIgnoredProperties: e643bd26f0fe6173181afceb89e7c659 -> 
  custom:AudioImporter_EditorPlatform: d09bf68614088b80899f8185d706f6e7 -> 
  custom:scripting/monoscript/fileName/BlitToRTHandleRendererFeature.cs: 35b53ce5e56c94adfac8dceb27c311f5 -> 
  custom:scripting/monoscript/fileName/BlitToRTHandlePass.cs: 94dc118fae93de0d11011ec324a69480 -> 
  custom:scripting/monoscript/fileName/SkyboxCamera.cs: 156645e0d269d950bc6eb98d6546bb06 -> 
  custom:scripting/monoscript/fileName/AutoLoadPipelineAsset.cs: e14658d06d8aea7c09356132503300f5 -> 
  custom:scripting/monoscript/fileName/KeepFrameFeature.cs: d89d7a0f99a331a3c44b26bc551b69cf -> 
  custom:video-encoder-webm-vp8: eb34c28f22e8b96e1ab97ce403110664 -> 
  custom:audio-decoder-ogg-vorbis: bf7c407c2cedff20999df2af8eb42d56 -> 
  custom:scripting/monoscript/fileName/ScreenSpacePlacement.cs: def3df16d351e2ada80d8740264a42fc -> 
  custom:scripting/monoscript/fileName/FirstPersonController.cs: 8d3e1e9cbae8a175d4b9e7e3e7536c1f -> 
  custom:audio-encoder-webm-vorbis: bf7c407c2cedff20999df2af8eb42d56 -> 
========================================================================
Received Import Request.
  Time since last request: 22048.174142 seconds.
  path: Assets/Prefabs/Players/Player.prefab
  artifactKey: Guid(98410f3ce01027f4596c66b47c4341ad) Importer(815301076,1909f56bfc062723c751e8b465ee728b)
Start importing Assets/Prefabs/Players/Player.prefab using Guid(98410f3ce01027f4596c66b47c4341ad) Importer(815301076,1909f56bfc062723c751e8b465ee728b) [PhysX] Initialized MultithreadedTaskDispatcher with 12 workers.
[PhysX] Initialized MultithreadedTaskDispatcher with 12 workers.
 -> (artifact id: '2cf62c656950b9f5f8d53a7fc1382cf9') in 0.261968 seconds
Number of updated asset objects reloaded before import = 0
Number of asset objects unloaded after import = 28
========================================================================
Received Import Request.
  Time since last request: 20.043025 seconds.
  path: Assets/Materials/FogCutout.mat
  artifactKey: Guid(efff7b5bc74c2594aa1b0631eb3ef954) Importer(815301076,1909f56bfc062723c751e8b465ee728b)
Start importing Assets/Materials/FogCutout.mat using Guid(efff7b5bc74c2594aa1b0631eb3ef954) Importer(815301076,1909f56bfc062723c751e8b465ee728b) [PhysX] Initialized MultithreadedTaskDispatcher with 12 workers.
[PhysX] Initialized MultithreadedTaskDispatcher with 12 workers.
 -> (artifact id: 'eaeb67cda44c2fbe34be3fa443f9d0ef') in 0.128758 seconds
Number of updated asset objects reloaded before import = 0
Number of asset objects unloaded after import = 2
========================================================================
Received Prepare
Begin MonoManager ReloadAssembly
- Loaded All Assemblies, in  0.462 seconds
Refreshing native plugins compatible for Editor in 4.33 ms, found 4 plugins.
Native extension for WindowsStandalone target not found
Native extension for WebGL target not found
Mono: successfully reloaded assembly
- Finished resetting the current domain, in  1.261 seconds
Domain Reload Profiling: 1720ms
	BeginReloadAssembly (173ms)
		ExecutionOrderSort (0ms)
		DisableScriptedObjects (14ms)
		BackupInstance (0ms)
		ReleaseScriptingObjects (0ms)
		CreateAndSetChildDomain (41ms)
	RebuildCommonClasses (24ms)
	RebuildNativeTypeToScriptingClass (8ms)
	initialDomainReloadingComplete (27ms)
	LoadAllAssembliesAndSetupDomain (226ms)
		LoadAssemblies (291ms)
		RebuildTransferFunctionScriptingTraits (0ms)
		AnalyzeDomain (20ms)
			TypeCache.Refresh (7ms)
				TypeCache.ScanAssembly (0ms)
			ScanForSourceGeneratedMonoScriptInfo (0ms)
			ResolveRequiredComponents (12ms)
	FinalizeReload (1262ms)
		ReleaseScriptCaches (0ms)
		RebuildScriptCaches (0ms)
		SetupLoadedEditorAssemblies (496ms)
			LogAssemblyErrors (0ms)
			InitializePlatformSupportModulesInManaged (10ms)
			SetLoadedEditorAssemblies (4ms)
			RefreshPlugins (0ms)
			BeforeProcessingInitializeOnLoad (90ms)
			ProcessInitializeOnLoadAttributes (304ms)
			ProcessInitializeOnLoadMethodAttributes (79ms)
			AfterProcessingInitializeOnLoad (9ms)
			EditorAssembliesLoaded (0ms)
		ExecutionOrderSort2 (0ms)
		AwakeInstancesAfterBackupRestoration (20ms)
Shader Hidden/ProbeVolume/VoxelizeScene is not supported: GPU does not support conservative rasterization
Refreshing native plugins compatible for Editor in 6.01 ms, found 4 plugins.
Preloading 0 native plugins for Editor in 0.00 ms.
Unloading 5613 Unused Serialized files (Serialized files now loaded: 0)
Unloading 56 unused Assets / (507.4 KB). Loaded Objects now: 6315.
Memory consumption went from 200.7 MB to 200.2 MB.
Total: 3.861000 ms (FindLiveObjects: 0.411500 ms CreateObjectMapping: 0.290200 ms MarkObjects: 2.916000 ms  DeleteObjects: 0.242700 ms)

Prepare: number of updated asset objects reloaded= 0
AssetImportParameters requested are different than current active one (requested -> active):
  custom:container-demuxer-ogg: 62fdf1f143b41e24485cea50d1cbac27 -> 
  custom:scripting/monoscript/fileName/DistortTunnelPass_Distort.cs: e17fd6aebb1f9aae89c3ea13f460c1d4 -> 
  custom:video-decoder-ogg-theora: a1e56fd34408186e4bbccfd4996cb3dc -> 
  custom:framework-win-MediaFoundation: 216162199b28c13a410421893ffa2e32 -> 
  custom:scripting/monoscript/fileName/NewBehaviourScript.cs: b21687ddb03d73bd9f0c1daecb9714de -> 
  custom:scripting/monoscript/fileName/DepthBlitFeature.cs: 9276584c38c07a08d58add88200da03b -> 
  custom:scripting/monoscript/fileName/DistortTunnelPass_CopyColor.cs: 920bd23220de3923e0d97c52ff4d9b4a -> 
  custom:CustomObjectIndexerAttribute: 72b91833f83ae208fae7752999fa3104 -> 
  custom:scripting/monoscript/fileName/DepthBlitEdgePass.cs: 41c3d98af3c2c12dcff99ac9b286fab9 -> 
  custom:scripting/monoscript/fileName/DistortTunnelPass_Tunnel.cs: 932f3fb43fe2df8a2ac984c62bc63690 -> 
  custom:container-demuxer-webm: 4f35f7cbe854078d1ac9338744f61a02 -> 
  custom:scripting/monoscript/fileName/DistortTunnelRendererFeature.cs: 514e5c8cb4d5b24f9164ab5e7b39bcae -> 
  custom:container-muxer-webm: aa71ff27fc2769a1b78a27578f13a17b -> 
  custom:video-decoder-webm-vp8: 9c59270c3fd7afecdb556c50c9e8de78 -> 
  custom:SearchIndexIgnoredProperties: e643bd26f0fe6173181afceb89e7c659 -> 
  custom:AudioImporter_EditorPlatform: d09bf68614088b80899f8185d706f6e7 -> 
  custom:scripting/monoscript/fileName/BlitToRTHandleRendererFeature.cs: 35b53ce5e56c94adfac8dceb27c311f5 -> 
  custom:scripting/monoscript/fileName/BlitToRTHandlePass.cs: 94dc118fae93de0d11011ec324a69480 -> 
  custom:scripting/monoscript/fileName/SkyboxCamera.cs: 156645e0d269d950bc6eb98d6546bb06 -> 
  custom:scripting/monoscript/fileName/AutoLoadPipelineAsset.cs: e14658d06d8aea7c09356132503300f5 -> 
  custom:scripting/monoscript/fileName/KeepFrameFeature.cs: d89d7a0f99a331a3c44b26bc551b69cf -> 
  custom:video-encoder-webm-vp8: eb34c28f22e8b96e1ab97ce403110664 -> 
  custom:audio-decoder-ogg-vorbis: bf7c407c2cedff20999df2af8eb42d56 -> 
  custom:scripting/monoscript/fileName/ScreenSpacePlacement.cs: def3df16d351e2ada80d8740264a42fc -> 
  custom:scripting/monoscript/fileName/FirstPersonController.cs: 8d3e1e9cbae8a175d4b9e7e3e7536c1f -> 
  custom:audio-encoder-webm-vorbis: bf7c407c2cedff20999df2af8eb42d56 -> 
========================================================================
Received Import Request.
  Time since last request: 309.058848 seconds.
  path: Assets/Shaders/FogCutoutWrite.shader
  artifactKey: Guid(e78042ae85b443b41bda550d29c93719) Importer(815301076,1909f56bfc062723c751e8b465ee728b)
Start importing Assets/Shaders/FogCutoutWrite.shader using Guid(e78042ae85b443b41bda550d29c93719) Importer(815301076,1909f56bfc062723c751e8b465ee728b) [PhysX] Initialized MultithreadedTaskDispatcher with 12 workers.
 -> (artifact id: 'a153df00322ae1675828fbd2c01d3088') in 0.008884 seconds
Number of updated asset objects reloaded before import = 1
Number of asset objects unloaded after import = 0
========================================================================
Received Prepare
Begin MonoManager ReloadAssembly
- Loaded All Assemblies, in  0.512 seconds
Refreshing native plugins compatible for Editor in 5.14 ms, found 4 plugins.
Native extension for WindowsStandalone target not found
Native extension for WebGL target not found
Mono: successfully reloaded assembly
- Finished resetting the current domain, in  1.360 seconds
Domain Reload Profiling: 1868ms
	BeginReloadAssembly (178ms)
		ExecutionOrderSort (0ms)
		DisableScriptedObjects (12ms)
		BackupInstance (0ms)
		ReleaseScriptingObjects (0ms)
		CreateAndSetChildDomain (51ms)
	RebuildCommonClasses (30ms)
	RebuildNativeTypeToScriptingClass (10ms)
	initialDomainReloadingComplete (28ms)
	LoadAllAssembliesAndSetupDomain (262ms)
		LoadAssemblies (327ms)
		RebuildTransferFunctionScriptingTraits (0ms)
		AnalyzeDomain (18ms)
			TypeCache.Refresh (7ms)
				TypeCache.ScanAssembly (0ms)
			ScanForSourceGeneratedMonoScriptInfo (0ms)
			ResolveRequiredComponents (10ms)
	FinalizeReload (1360ms)
		ReleaseScriptCaches (0ms)
		RebuildScriptCaches (0ms)
		SetupLoadedEditorAssemblies (486ms)
			LogAssemblyErrors (0ms)
			InitializePlatformSupportModulesInManaged (9ms)
			SetLoadedEditorAssemblies (3ms)
			RefreshPlugins (0ms)
			BeforeProcessingInitializeOnLoad (94ms)
			ProcessInitializeOnLoadAttributes (306ms)
			ProcessInitializeOnLoadMethodAttributes (66ms)
			AfterProcessingInitializeOnLoad (7ms)
			EditorAssembliesLoaded (0ms)
		ExecutionOrderSort2 (0ms)
		AwakeInstancesAfterBackupRestoration (15ms)
Shader Hidden/ProbeVolume/VoxelizeScene is not supported: GPU does not support conservative rasterization
Refreshing native plugins compatible for Editor in 4.54 ms, found 4 plugins.
Preloading 0 native plugins for Editor in 0.00 ms.
Unloading 5613 Unused Serialized files (Serialized files now loaded: 0)
Unloading 56 unused Assets / (508.4 KB). Loaded Objects now: 6320.
Memory consumption went from 200.6 MB to 200.1 MB.
Total: 4.450900 ms (FindLiveObjects: 0.383100 ms CreateObjectMapping: 0.278300 ms MarkObjects: 3.517800 ms  DeleteObjects: 0.271000 ms)

Prepare: number of updated asset objects reloaded= 0
AssetImportParameters requested are different than current active one (requested -> active):
  custom:container-demuxer-ogg: 62fdf1f143b41e24485cea50d1cbac27 -> 
  custom:scripting/monoscript/fileName/DistortTunnelPass_Distort.cs: e17fd6aebb1f9aae89c3ea13f460c1d4 -> 
  custom:video-decoder-ogg-theora: a1e56fd34408186e4bbccfd4996cb3dc -> 
  custom:framework-win-MediaFoundation: 216162199b28c13a410421893ffa2e32 -> 
  custom:scripting/monoscript/fileName/NewBehaviourScript.cs: b21687ddb03d73bd9f0c1daecb9714de -> 
  custom:scripting/monoscript/fileName/DepthBlitFeature.cs: 9276584c38c07a08d58add88200da03b -> 
  custom:scripting/monoscript/fileName/DistortTunnelPass_CopyColor.cs: 920bd23220de3923e0d97c52ff4d9b4a -> 
  custom:CustomObjectIndexerAttribute: 72b91833f83ae208fae7752999fa3104 -> 
  custom:scripting/monoscript/fileName/DepthBlitEdgePass.cs: 41c3d98af3c2c12dcff99ac9b286fab9 -> 
  custom:scripting/monoscript/fileName/DistortTunnelPass_Tunnel.cs: 932f3fb43fe2df8a2ac984c62bc63690 -> 
  custom:container-demuxer-webm: 4f35f7cbe854078d1ac9338744f61a02 -> 
  custom:scripting/monoscript/fileName/DistortTunnelRendererFeature.cs: 514e5c8cb4d5b24f9164ab5e7b39bcae -> 
  custom:container-muxer-webm: aa71ff27fc2769a1b78a27578f13a17b -> 
  custom:video-decoder-webm-vp8: 9c59270c3fd7afecdb556c50c9e8de78 -> 
  custom:SearchIndexIgnoredProperties: e643bd26f0fe6173181afceb89e7c659 -> 
  custom:AudioImporter_EditorPlatform: d09bf68614088b80899f8185d706f6e7 -> 
  custom:scripting/monoscript/fileName/BlitToRTHandleRendererFeature.cs: 35b53ce5e56c94adfac8dceb27c311f5 -> 
  custom:scripting/monoscript/fileName/BlitToRTHandlePass.cs: 94dc118fae93de0d11011ec324a69480 -> 
  custom:scripting/monoscript/fileName/SkyboxCamera.cs: 156645e0d269d950bc6eb98d6546bb06 -> 
  custom:scripting/monoscript/fileName/AutoLoadPipelineAsset.cs: e14658d06d8aea7c09356132503300f5 -> 
  custom:scripting/monoscript/fileName/KeepFrameFeature.cs: d89d7a0f99a331a3c44b26bc551b69cf -> 
  custom:video-encoder-webm-vp8: eb34c28f22e8b96e1ab97ce403110664 -> 
  custom:audio-decoder-ogg-vorbis: bf7c407c2cedff20999df2af8eb42d56 -> 
  custom:scripting/monoscript/fileName/ScreenSpacePlacement.cs: def3df16d351e2ada80d8740264a42fc -> 
  custom:scripting/monoscript/fileName/FirstPersonController.cs: 8d3e1e9cbae8a175d4b9e7e3e7536c1f -> 
  custom:audio-encoder-webm-vorbis: bf7c407c2cedff20999df2af8eb42d56 -> 
========================================================================
Received Prepare
Begin MonoManager ReloadAssembly
- Loaded All Assemblies, in  0.487 seconds
Refreshing native plugins compatible for Editor in 5.56 ms, found 4 plugins.
Native extension for WindowsStandalone target not found
Native extension for WebGL target not found
Mono: successfully reloaded assembly
- Finished resetting the current domain, in  1.257 seconds
Domain Reload Profiling: 1740ms
	BeginReloadAssembly (156ms)
		ExecutionOrderSort (0ms)
		DisableScriptedObjects (9ms)
		BackupInstance (0ms)
		ReleaseScriptingObjects (0ms)
		CreateAndSetChildDomain (39ms)
	RebuildCommonClasses (37ms)
	RebuildNativeTypeToScriptingClass (8ms)
	initialDomainReloadingComplete (28ms)
	LoadAllAssembliesAndSetupDomain (254ms)
		LoadAssemblies (312ms)
		RebuildTransferFunctionScriptingTraits (0ms)
		AnalyzeDomain (18ms)
			TypeCache.Refresh (8ms)
				TypeCache.ScanAssembly (0ms)
			ScanForSourceGeneratedMonoScriptInfo (0ms)
			ResolveRequiredComponents (9ms)
	FinalizeReload (1257ms)
		ReleaseScriptCaches (0ms)
		RebuildScriptCaches (0ms)
		SetupLoadedEditorAssemblies (508ms)
			LogAssemblyErrors (0ms)
			InitializePlatformSupportModulesInManaged (9ms)
			SetLoadedEditorAssemblies (4ms)
			RefreshPlugins (0ms)
			BeforeProcessingInitializeOnLoad (96ms)
			ProcessInitializeOnLoadAttributes (313ms)
			ProcessInitializeOnLoadMethodAttributes (77ms)
			AfterProcessingInitializeOnLoad (9ms)
			EditorAssembliesLoaded (0ms)
		ExecutionOrderSort2 (0ms)
		AwakeInstancesAfterBackupRestoration (20ms)
Shader Hidden/ProbeVolume/VoxelizeScene is not supported: GPU does not support conservative rasterization
Refreshing native plugins compatible for Editor in 6.30 ms, found 4 plugins.
Preloading 0 native plugins for Editor in 0.00 ms.
Unloading 5613 Unused Serialized files (Serialized files now loaded: 0)
Unloading 56 unused Assets / (507.6 KB). Loaded Objects now: 6325.
Memory consumption went from 200.6 MB to 200.1 MB.
Total: 4.412600 ms (FindLiveObjects: 0.690900 ms CreateObjectMapping: 0.359200 ms MarkObjects: 2.995200 ms  DeleteObjects: 0.366700 ms)

Prepare: number of updated asset objects reloaded= 0
AssetImportParameters requested are different than current active one (requested -> active):
  custom:container-demuxer-ogg: 62fdf1f143b41e24485cea50d1cbac27 -> 
  custom:scripting/monoscript/fileName/DistortTunnelPass_Distort.cs: e17fd6aebb1f9aae89c3ea13f460c1d4 -> 
  custom:video-decoder-ogg-theora: a1e56fd34408186e4bbccfd4996cb3dc -> 
  custom:framework-win-MediaFoundation: 216162199b28c13a410421893ffa2e32 -> 
  custom:scripting/monoscript/fileName/NewBehaviourScript.cs: b21687ddb03d73bd9f0c1daecb9714de -> 
  custom:scripting/monoscript/fileName/DepthBlitFeature.cs: 9276584c38c07a08d58add88200da03b -> 
  custom:scripting/monoscript/fileName/DistortTunnelPass_CopyColor.cs: 920bd23220de3923e0d97c52ff4d9b4a -> 
  custom:CustomObjectIndexerAttribute: 72b91833f83ae208fae7752999fa3104 -> 
  custom:scripting/monoscript/fileName/DepthBlitEdgePass.cs: 41c3d98af3c2c12dcff99ac9b286fab9 -> 
  custom:scripting/monoscript/fileName/DistortTunnelPass_Tunnel.cs: 932f3fb43fe2df8a2ac984c62bc63690 -> 
  custom:container-demuxer-webm: 4f35f7cbe854078d1ac9338744f61a02 -> 
  custom:scripting/monoscript/fileName/DistortTunnelRendererFeature.cs: 514e5c8cb4d5b24f9164ab5e7b39bcae -> 
  custom:container-muxer-webm: aa71ff27fc2769a1b78a27578f13a17b -> 
  custom:video-decoder-webm-vp8: 9c59270c3fd7afecdb556c50c9e8de78 -> 
  custom:SearchIndexIgnoredProperties: e643bd26f0fe6173181afceb89e7c659 -> 
  custom:AudioImporter_EditorPlatform: d09bf68614088b80899f8185d706f6e7 -> 
  custom:scripting/monoscript/fileName/BlitToRTHandleRendererFeature.cs: 35b53ce5e56c94adfac8dceb27c311f5 -> 
  custom:scripting/monoscript/fileName/BlitToRTHandlePass.cs: 94dc118fae93de0d11011ec324a69480 -> 
  custom:scripting/monoscript/fileName/SkyboxCamera.cs: 156645e0d269d950bc6eb98d6546bb06 -> 
  custom:scripting/monoscript/fileName/AutoLoadPipelineAsset.cs: e14658d06d8aea7c09356132503300f5 -> 
  custom:scripting/monoscript/fileName/KeepFrameFeature.cs: d89d7a0f99a331a3c44b26bc551b69cf -> 
  custom:video-encoder-webm-vp8: eb34c28f22e8b96e1ab97ce403110664 -> 
  custom:audio-decoder-ogg-vorbis: bf7c407c2cedff20999df2af8eb42d56 -> 
  custom:scripting/monoscript/fileName/ScreenSpacePlacement.cs: def3df16d351e2ada80d8740264a42fc -> 
  custom:scripting/monoscript/fileName/FirstPersonController.cs: 8d3e1e9cbae8a175d4b9e7e3e7536c1f -> 
  custom:audio-encoder-webm-vorbis: bf7c407c2cedff20999df2af8eb42d56 -> 
========================================================================
Received Import Request.
  Time since last request: 107.252847 seconds.
  path: Assets/Shaders/FogCutout.shader
  artifactKey: Guid(13e07a26dcb7a6f4ea6f9d3a4d04fe10) Importer(815301076,1909f56bfc062723c751e8b465ee728b)
Start importing Assets/Shaders/FogCutout.shader using Guid(13e07a26dcb7a6f4ea6f9d3a4d04fe10) Importer(815301076,1909f56bfc062723c751e8b465ee728b) [PhysX] Initialized MultithreadedTaskDispatcher with 12 workers.
 -> (artifact id: 'b3642449b6e0670a0ed370fe195b0759') in 0.009381 seconds
Number of updated asset objects reloaded before import = 1
Number of asset objects unloaded after import = 0
========================================================================
Received Prepare
Begin MonoManager ReloadAssembly
- Loaded All Assemblies, in  0.474 seconds
Refreshing native plugins compatible for Editor in 5.18 ms, found 4 plugins.
Native extension for WindowsStandalone target not found
Native extension for WebGL target not found
Mono: successfully reloaded assembly
- Finished resetting the current domain, in  1.385 seconds
Domain Reload Profiling: 1855ms
	BeginReloadAssembly (157ms)
		ExecutionOrderSort (0ms)
		DisableScriptedObjects (9ms)
		BackupInstance (0ms)
		ReleaseScriptingObjects (0ms)
		CreateAndSetChildDomain (42ms)
	RebuildCommonClasses (37ms)
	RebuildNativeTypeToScriptingClass (8ms)
	initialDomainReloadingComplete (27ms)
	LoadAllAssembliesAndSetupDomain (239ms)
		LoadAssemblies (297ms)
		RebuildTransferFunctionScriptingTraits (0ms)
		AnalyzeDomain (18ms)
			TypeCache.Refresh (7ms)
				TypeCache.ScanAssembly (0ms)
			ScanForSourceGeneratedMonoScriptInfo (0ms)
			ResolveRequiredComponents (10ms)
	FinalizeReload (1386ms)
		ReleaseScriptCaches (0ms)
		RebuildScriptCaches (0ms)
		SetupLoadedEditorAssemblies (516ms)
			LogAssemblyErrors (0ms)
			InitializePlatformSupportModulesInManaged (9ms)
			SetLoadedEditorAssemblies (3ms)
			RefreshPlugins (0ms)
			BeforeProcessingInitializeOnLoad (97ms)
			ProcessInitializeOnLoadAttributes (318ms)
			ProcessInitializeOnLoadMethodAttributes (79ms)
			AfterProcessingInitializeOnLoad (9ms)
			EditorAssembliesLoaded (0ms)
		ExecutionOrderSort2 (0ms)
		AwakeInstancesAfterBackupRestoration (20ms)
Shader Hidden/ProbeVolume/VoxelizeScene is not supported: GPU does not support conservative rasterization
Refreshing native plugins compatible for Editor in 5.04 ms, found 4 plugins.
Preloading 0 native plugins for Editor in 0.00 ms.
Unloading 5613 Unused Serialized files (Serialized files now loaded: 0)
Unloading 56 unused Assets / (507.3 KB). Loaded Objects now: 6330.
Memory consumption went from 200.6 MB to 200.1 MB.
Total: 4.341700 ms (FindLiveObjects: 0.445600 ms CreateObjectMapping: 0.362700 ms MarkObjects: 3.236100 ms  DeleteObjects: 0.296400 ms)

Prepare: number of updated asset objects reloaded= 0
AssetImportParameters requested are different than current active one (requested -> active):
  custom:container-demuxer-ogg: 62fdf1f143b41e24485cea50d1cbac27 -> 
  custom:scripting/monoscript/fileName/DistortTunnelPass_Distort.cs: e17fd6aebb1f9aae89c3ea13f460c1d4 -> 
  custom:video-decoder-ogg-theora: a1e56fd34408186e4bbccfd4996cb3dc -> 
  custom:framework-win-MediaFoundation: 216162199b28c13a410421893ffa2e32 -> 
  custom:scripting/monoscript/fileName/NewBehaviourScript.cs: b21687ddb03d73bd9f0c1daecb9714de -> 
  custom:scripting/monoscript/fileName/DepthBlitFeature.cs: 9276584c38c07a08d58add88200da03b -> 
  custom:scripting/monoscript/fileName/DistortTunnelPass_CopyColor.cs: 920bd23220de3923e0d97c52ff4d9b4a -> 
  custom:CustomObjectIndexerAttribute: 72b91833f83ae208fae7752999fa3104 -> 
  custom:scripting/monoscript/fileName/DepthBlitEdgePass.cs: 41c3d98af3c2c12dcff99ac9b286fab9 -> 
  custom:scripting/monoscript/fileName/DistortTunnelPass_Tunnel.cs: 932f3fb43fe2df8a2ac984c62bc63690 -> 
  custom:container-demuxer-webm: 4f35f7cbe854078d1ac9338744f61a02 -> 
  custom:scripting/monoscript/fileName/DistortTunnelRendererFeature.cs: 514e5c8cb4d5b24f9164ab5e7b39bcae -> 
  custom:container-muxer-webm: aa71ff27fc2769a1b78a27578f13a17b -> 
  custom:video-decoder-webm-vp8: 9c59270c3fd7afecdb556c50c9e8de78 -> 
  custom:SearchIndexIgnoredProperties: e643bd26f0fe6173181afceb89e7c659 -> 
  custom:AudioImporter_EditorPlatform: d09bf68614088b80899f8185d706f6e7 -> 
  custom:scripting/monoscript/fileName/BlitToRTHandleRendererFeature.cs: 35b53ce5e56c94adfac8dceb27c311f5 -> 
  custom:scripting/monoscript/fileName/BlitToRTHandlePass.cs: 94dc118fae93de0d11011ec324a69480 -> 
  custom:scripting/monoscript/fileName/SkyboxCamera.cs: 156645e0d269d950bc6eb98d6546bb06 -> 
  custom:scripting/monoscript/fileName/AutoLoadPipelineAsset.cs: e14658d06d8aea7c09356132503300f5 -> 
  custom:scripting/monoscript/fileName/KeepFrameFeature.cs: d89d7a0f99a331a3c44b26bc551b69cf -> 
  custom:video-encoder-webm-vp8: eb34c28f22e8b96e1ab97ce403110664 -> 
  custom:audio-decoder-ogg-vorbis: bf7c407c2cedff20999df2af8eb42d56 -> 
  custom:scripting/monoscript/fileName/ScreenSpacePlacement.cs: def3df16d351e2ada80d8740264a42fc -> 
  custom:scripting/monoscript/fileName/FirstPersonController.cs: 8d3e1e9cbae8a175d4b9e7e3e7536c1f -> 
  custom:audio-encoder-webm-vorbis: bf7c407c2cedff20999df2af8eb42d56 -> 
========================================================================
Received Prepare
Begin MonoManager ReloadAssembly
- Loaded All Assemblies, in  0.437 seconds
Refreshing native plugins compatible for Editor in 4.66 ms, found 4 plugins.
Native extension for WindowsStandalone target not found
Native extension for WebGL target not found
Mono: successfully reloaded assembly
- Finished resetting the current domain, in  1.300 seconds
Domain Reload Profiling: 1734ms
	BeginReloadAssembly (147ms)
		ExecutionOrderSort (0ms)
		DisableScriptedObjects (9ms)
		BackupInstance (0ms)
		ReleaseScriptingObjects (0ms)
		CreateAndSetChildDomain (36ms)
	RebuildCommonClasses (26ms)
	RebuildNativeTypeToScriptingClass (8ms)
	initialDomainReloadingComplete (26ms)
	LoadAllAssembliesAndSetupDomain (226ms)
		LoadAssemblies (279ms)
		RebuildTransferFunctionScriptingTraits (0ms)
		AnalyzeDomain (19ms)
			TypeCache.Refresh (7ms)
				TypeCache.ScanAssembly (0ms)
			ScanForSourceGeneratedMonoScriptInfo (0ms)
			ResolveRequiredComponents (11ms)
	FinalizeReload (1301ms)
		ReleaseScriptCaches (0ms)
		RebuildScriptCaches (0ms)
		SetupLoadedEditorAssemblies (535ms)
			LogAssemblyErrors (0ms)
			InitializePlatformSupportModulesInManaged (7ms)
			SetLoadedEditorAssemblies (4ms)
			RefreshPlugins (0ms)
			BeforeProcessingInitializeOnLoad (102ms)
			ProcessInitializeOnLoadAttributes (331ms)
			ProcessInitializeOnLoadMethodAttributes (82ms)
			AfterProcessingInitializeOnLoad (9ms)
			EditorAssembliesLoaded (0ms)
		ExecutionOrderSort2 (0ms)
		AwakeInstancesAfterBackupRestoration (21ms)
Shader Hidden/ProbeVolume/VoxelizeScene is not supported: GPU does not support conservative rasterization
Refreshing native plugins compatible for Editor in 6.29 ms, found 4 plugins.
Preloading 0 native plugins for Editor in 0.00 ms.
Unloading 5613 Unused Serialized files (Serialized files now loaded: 0)
Unloading 56 unused Assets / (507.5 KB). Loaded Objects now: 6335.
Memory consumption went from 200.5 MB to 200.0 MB.
Total: 5.039500 ms (FindLiveObjects: 0.619000 ms CreateObjectMapping: 0.436900 ms MarkObjects: 3.574300 ms  DeleteObjects: 0.408500 ms)

Prepare: number of updated asset objects reloaded= 0
AssetImportParameters requested are different than current active one (requested -> active):
  custom:container-demuxer-ogg: 62fdf1f143b41e24485cea50d1cbac27 -> 
  custom:scripting/monoscript/fileName/DistortTunnelPass_Distort.cs: e17fd6aebb1f9aae89c3ea13f460c1d4 -> 
  custom:video-decoder-ogg-theora: a1e56fd34408186e4bbccfd4996cb3dc -> 
  custom:framework-win-MediaFoundation: 216162199b28c13a410421893ffa2e32 -> 
  custom:scripting/monoscript/fileName/NewBehaviourScript.cs: b21687ddb03d73bd9f0c1daecb9714de -> 
  custom:scripting/monoscript/fileName/DepthBlitFeature.cs: 9276584c38c07a08d58add88200da03b -> 
  custom:scripting/monoscript/fileName/DistortTunnelPass_CopyColor.cs: 920bd23220de3923e0d97c52ff4d9b4a -> 
  custom:CustomObjectIndexerAttribute: 72b91833f83ae208fae7752999fa3104 -> 
  custom:scripting/monoscript/fileName/DepthBlitEdgePass.cs: 41c3d98af3c2c12dcff99ac9b286fab9 -> 
  custom:scripting/monoscript/fileName/DistortTunnelPass_Tunnel.cs: 932f3fb43fe2df8a2ac984c62bc63690 -> 
  custom:container-demuxer-webm: 4f35f7cbe854078d1ac9338744f61a02 -> 
  custom:scripting/monoscript/fileName/DistortTunnelRendererFeature.cs: 514e5c8cb4d5b24f9164ab5e7b39bcae -> 
  custom:container-muxer-webm: aa71ff27fc2769a1b78a27578f13a17b -> 
  custom:video-decoder-webm-vp8: 9c59270c3fd7afecdb556c50c9e8de78 -> 
  custom:SearchIndexIgnoredProperties: e643bd26f0fe6173181afceb89e7c659 -> 
  custom:AudioImporter_EditorPlatform: d09bf68614088b80899f8185d706f6e7 -> 
  custom:scripting/monoscript/fileName/BlitToRTHandleRendererFeature.cs: 35b53ce5e56c94adfac8dceb27c311f5 -> 
  custom:scripting/monoscript/fileName/BlitToRTHandlePass.cs: 94dc118fae93de0d11011ec324a69480 -> 
  custom:scripting/monoscript/fileName/SkyboxCamera.cs: 156645e0d269d950bc6eb98d6546bb06 -> 
  custom:scripting/monoscript/fileName/AutoLoadPipelineAsset.cs: e14658d06d8aea7c09356132503300f5 -> 
  custom:scripting/monoscript/fileName/KeepFrameFeature.cs: d89d7a0f99a331a3c44b26bc551b69cf -> 
  custom:video-encoder-webm-vp8: eb34c28f22e8b96e1ab97ce403110664 -> 
  custom:audio-decoder-ogg-vorbis: bf7c407c2cedff20999df2af8eb42d56 -> 
  custom:scripting/monoscript/fileName/ScreenSpacePlacement.cs: def3df16d351e2ada80d8740264a42fc -> 
  custom:scripting/monoscript/fileName/FirstPersonController.cs: 8d3e1e9cbae8a175d4b9e7e3e7536c1f -> 
  custom:audio-encoder-webm-vorbis: bf7c407c2cedff20999df2af8eb42d56 -> 
========================================================================
Received Import Request.
  Time since last request: 293.687690 seconds.
  path: ProjectSettings/TagManager.asset
  artifactKey: Guid(00000000000000003000000000000000) Importer(815301076,1909f56bfc062723c751e8b465ee728b)
Start importing ProjectSettings/TagManager.asset using Guid(00000000000000003000000000000000) Importer(815301076,1909f56bfc062723c751e8b465ee728b) [PhysX] Initialized MultithreadedTaskDispatcher with 12 workers.
 -> (artifact id: '82f3a755e80f60c3f69c26a4e26b97be') in 0.008971 seconds
Number of updated asset objects reloaded before import = 0
Number of asset objects unloaded after import = 0
========================================================================
Received Prepare
Begin MonoManager ReloadAssembly
- Loaded All Assemblies, in  0.446 seconds
Refreshing native plugins compatible for Editor in 4.45 ms, found 4 plugins.
Native extension for WindowsStandalone target not found
Native extension for WebGL target not found
Mono: successfully reloaded assembly
- Finished resetting the current domain, in  1.265 seconds
Domain Reload Profiling: 1707ms
	BeginReloadAssembly (152ms)
		ExecutionOrderSort (0ms)
		DisableScriptedObjects (10ms)
		BackupInstance (0ms)
		ReleaseScriptingObjects (0ms)
		CreateAndSetChildDomain (39ms)
	RebuildCommonClasses (25ms)
	RebuildNativeTypeToScriptingClass (9ms)
	initialDomainReloadingComplete (26ms)
	LoadAllAssembliesAndSetupDomain (230ms)
		LoadAssemblies (285ms)
		RebuildTransferFunctionScriptingTraits (0ms)
		AnalyzeDomain (18ms)
			TypeCache.Refresh (7ms)
				TypeCache.ScanAssembly (0ms)
			ScanForSourceGeneratedMonoScriptInfo (0ms)
			ResolveRequiredComponents (11ms)
	FinalizeReload (1265ms)
		ReleaseScriptCaches (0ms)
		RebuildScriptCaches (0ms)
		SetupLoadedEditorAssemblies (504ms)
			LogAssemblyErrors (0ms)
			InitializePlatformSupportModulesInManaged (8ms)
			SetLoadedEditorAssemblies (3ms)
			RefreshPlugins (0ms)
			BeforeProcessingInitializeOnLoad (93ms)
			ProcessInitializeOnLoadAttributes (311ms)
			ProcessInitializeOnLoadMethodAttributes (79ms)
			AfterProcessingInitializeOnLoad (9ms)
			EditorAssembliesLoaded (0ms)
		ExecutionOrderSort2 (0ms)
		AwakeInstancesAfterBackupRestoration (19ms)
Shader Hidden/ProbeVolume/VoxelizeScene is not supported: GPU does not support conservative rasterization
Refreshing native plugins compatible for Editor in 5.71 ms, found 4 plugins.
Preloading 0 native plugins for Editor in 0.00 ms.
Unloading 5613 Unused Serialized files (Serialized files now loaded: 0)
Unloading 56 unused Assets / (507.3 KB). Loaded Objects now: 6340.
Memory consumption went from 200.6 MB to 200.1 MB.
Total: 4.061900 ms (FindLiveObjects: 0.413500 ms CreateObjectMapping: 0.278700 ms MarkObjects: 3.008400 ms  DeleteObjects: 0.360700 ms)

Prepare: number of updated asset objects reloaded= 0
AssetImportParameters requested are different than current active one (requested -> active):
  custom:container-demuxer-ogg: 62fdf1f143b41e24485cea50d1cbac27 -> 
  custom:scripting/monoscript/fileName/DistortTunnelPass_Distort.cs: e17fd6aebb1f9aae89c3ea13f460c1d4 -> 
  custom:video-decoder-ogg-theora: a1e56fd34408186e4bbccfd4996cb3dc -> 
  custom:framework-win-MediaFoundation: 216162199b28c13a410421893ffa2e32 -> 
  custom:scripting/monoscript/fileName/NewBehaviourScript.cs: b21687ddb03d73bd9f0c1daecb9714de -> 
  custom:scripting/monoscript/fileName/DepthBlitFeature.cs: 9276584c38c07a08d58add88200da03b -> 
  custom:scripting/monoscript/fileName/DistortTunnelPass_CopyColor.cs: 920bd23220de3923e0d97c52ff4d9b4a -> 
  custom:CustomObjectIndexerAttribute: 72b91833f83ae208fae7752999fa3104 -> 
  custom:scripting/monoscript/fileName/DepthBlitEdgePass.cs: 41c3d98af3c2c12dcff99ac9b286fab9 -> 
  custom:scripting/monoscript/fileName/DistortTunnelPass_Tunnel.cs: 932f3fb43fe2df8a2ac984c62bc63690 -> 
  custom:container-demuxer-webm: 4f35f7cbe854078d1ac9338744f61a02 -> 
  custom:scripting/monoscript/fileName/DistortTunnelRendererFeature.cs: 514e5c8cb4d5b24f9164ab5e7b39bcae -> 
  custom:container-muxer-webm: aa71ff27fc2769a1b78a27578f13a17b -> 
  custom:video-decoder-webm-vp8: 9c59270c3fd7afecdb556c50c9e8de78 -> 
  custom:SearchIndexIgnoredProperties: e643bd26f0fe6173181afceb89e7c659 -> 
  custom:AudioImporter_EditorPlatform: d09bf68614088b80899f8185d706f6e7 -> 
  custom:scripting/monoscript/fileName/BlitToRTHandleRendererFeature.cs: 35b53ce5e56c94adfac8dceb27c311f5 -> 
  custom:scripting/monoscript/fileName/BlitToRTHandlePass.cs: 94dc118fae93de0d11011ec324a69480 -> 
  custom:scripting/monoscript/fileName/SkyboxCamera.cs: 156645e0d269d950bc6eb98d6546bb06 -> 
  custom:scripting/monoscript/fileName/AutoLoadPipelineAsset.cs: e14658d06d8aea7c09356132503300f5 -> 
  custom:scripting/monoscript/fileName/KeepFrameFeature.cs: d89d7a0f99a331a3c44b26bc551b69cf -> 
  custom:video-encoder-webm-vp8: eb34c28f22e8b96e1ab97ce403110664 -> 
  custom:audio-decoder-ogg-vorbis: bf7c407c2cedff20999df2af8eb42d56 -> 
  custom:scripting/monoscript/fileName/ScreenSpacePlacement.cs: def3df16d351e2ada80d8740264a42fc -> 
  custom:scripting/monoscript/fileName/FirstPersonController.cs: 8d3e1e9cbae8a175d4b9e7e3e7536c1f -> 
  custom:audio-encoder-webm-vorbis: bf7c407c2cedff20999df2af8eb42d56 -> 
========================================================================
Received Prepare
Begin MonoManager ReloadAssembly
- Loaded All Assemblies, in  0.488 seconds
Refreshing native plugins compatible for Editor in 5.64 ms, found 4 plugins.
Native extension for WindowsStandalone target not found
Native extension for WebGL target not found
Mono: successfully reloaded assembly
- Finished resetting the current domain, in  1.157 seconds
Domain Reload Profiling: 1642ms
	BeginReloadAssembly (170ms)
		ExecutionOrderSort (0ms)
		DisableScriptedObjects (10ms)
		BackupInstance (0ms)
		ReleaseScriptingObjects (0ms)
		CreateAndSetChildDomain (47ms)
	RebuildCommonClasses (27ms)
	RebuildNativeTypeToScriptingClass (9ms)
	initialDomainReloadingComplete (30ms)
	LoadAllAssembliesAndSetupDomain (248ms)
		LoadAssemblies (305ms)
		RebuildTransferFunctionScriptingTraits (0ms)
		AnalyzeDomain (23ms)
			TypeCache.Refresh (7ms)
				TypeCache.ScanAssembly (0ms)
			ScanForSourceGeneratedMonoScriptInfo (0ms)
			ResolveRequiredComponents (14ms)
	FinalizeReload (1158ms)
		ReleaseScriptCaches (0ms)
		RebuildScriptCaches (0ms)
		SetupLoadedEditorAssemblies (411ms)
			LogAssemblyErrors (0ms)
			InitializePlatformSupportModulesInManaged (6ms)
			SetLoadedEditorAssemblies (3ms)
			RefreshPlugins (0ms)
			BeforeProcessingInitializeOnLoad (78ms)
			ProcessInitializeOnLoadAttributes (253ms)
			ProcessInitializeOnLoadMethodAttributes (61ms)
			AfterProcessingInitializeOnLoad (10ms)
			EditorAssembliesLoaded (0ms)
		ExecutionOrderSort2 (0ms)
		AwakeInstancesAfterBackupRestoration (15ms)
Shader Hidden/ProbeVolume/VoxelizeScene is not supported: GPU does not support conservative rasterization
Refreshing native plugins compatible for Editor in 4.37 ms, found 4 plugins.
Preloading 0 native plugins for Editor in 0.00 ms.
Unloading 5613 Unused Serialized files (Serialized files now loaded: 0)
Unloading 56 unused Assets / (507.6 KB). Loaded Objects now: 6345.
Memory consumption went from 200.6 MB to 200.1 MB.
Total: 4.332600 ms (FindLiveObjects: 0.491700 ms CreateObjectMapping: 0.368700 ms MarkObjects: 3.147400 ms  DeleteObjects: 0.323600 ms)

Prepare: number of updated asset objects reloaded= 0
AssetImportParameters requested are different than current active one (requested -> active):
  custom:container-demuxer-ogg: 62fdf1f143b41e24485cea50d1cbac27 -> 
  custom:scripting/monoscript/fileName/DistortTunnelPass_Distort.cs: e17fd6aebb1f9aae89c3ea13f460c1d4 -> 
  custom:video-decoder-ogg-theora: a1e56fd34408186e4bbccfd4996cb3dc -> 
  custom:framework-win-MediaFoundation: 216162199b28c13a410421893ffa2e32 -> 
  custom:scripting/monoscript/fileName/NewBehaviourScript.cs: b21687ddb03d73bd9f0c1daecb9714de -> 
  custom:scripting/monoscript/fileName/DepthBlitFeature.cs: 9276584c38c07a08d58add88200da03b -> 
  custom:scripting/monoscript/fileName/DistortTunnelPass_CopyColor.cs: 920bd23220de3923e0d97c52ff4d9b4a -> 
  custom:CustomObjectIndexerAttribute: 72b91833f83ae208fae7752999fa3104 -> 
  custom:scripting/monoscript/fileName/DepthBlitEdgePass.cs: 41c3d98af3c2c12dcff99ac9b286fab9 -> 
  custom:scripting/monoscript/fileName/DistortTunnelPass_Tunnel.cs: 932f3fb43fe2df8a2ac984c62bc63690 -> 
  custom:container-demuxer-webm: 4f35f7cbe854078d1ac9338744f61a02 -> 
  custom:scripting/monoscript/fileName/DistortTunnelRendererFeature.cs: 514e5c8cb4d5b24f9164ab5e7b39bcae -> 
  custom:container-muxer-webm: aa71ff27fc2769a1b78a27578f13a17b -> 
  custom:video-decoder-webm-vp8: 9c59270c3fd7afecdb556c50c9e8de78 -> 
  custom:SearchIndexIgnoredProperties: e643bd26f0fe6173181afceb89e7c659 -> 
  custom:AudioImporter_EditorPlatform: d09bf68614088b80899f8185d706f6e7 -> 
  custom:scripting/monoscript/fileName/BlitToRTHandleRendererFeature.cs: 35b53ce5e56c94adfac8dceb27c311f5 -> 
  custom:scripting/monoscript/fileName/BlitToRTHandlePass.cs: 94dc118fae93de0d11011ec324a69480 -> 
  custom:scripting/monoscript/fileName/SkyboxCamera.cs: 156645e0d269d950bc6eb98d6546bb06 -> 
  custom:scripting/monoscript/fileName/AutoLoadPipelineAsset.cs: e14658d06d8aea7c09356132503300f5 -> 
  custom:scripting/monoscript/fileName/KeepFrameFeature.cs: d89d7a0f99a331a3c44b26bc551b69cf -> 
  custom:video-encoder-webm-vp8: eb34c28f22e8b96e1ab97ce403110664 -> 
  custom:audio-decoder-ogg-vorbis: bf7c407c2cedff20999df2af8eb42d56 -> 
  custom:scripting/monoscript/fileName/ScreenSpacePlacement.cs: def3df16d351e2ada80d8740264a42fc -> 
  custom:scripting/monoscript/fileName/FirstPersonController.cs: 8d3e1e9cbae8a175d4b9e7e3e7536c1f -> 
  custom:audio-encoder-webm-vorbis: bf7c407c2cedff20999df2af8eb42d56 -> 
========================================================================
Received Prepare
Begin MonoManager ReloadAssembly
- Loaded All Assemblies, in  0.445 seconds
Refreshing native plugins compatible for Editor in 5.07 ms, found 4 plugins.
Native extension for WindowsStandalone target not found
Native extension for WebGL target not found
Mono: successfully reloaded assembly
- Finished resetting the current domain, in  1.221 seconds
Domain Reload Profiling: 1663ms
	BeginReloadAssembly (151ms)
		ExecutionOrderSort (0ms)
		DisableScriptedObjects (9ms)
		BackupInstance (0ms)
		ReleaseScriptingObjects (0ms)
		CreateAndSetChildDomain (37ms)
	RebuildCommonClasses (30ms)
	RebuildNativeTypeToScriptingClass (15ms)
	initialDomainReloadingComplete (27ms)
	LoadAllAssembliesAndSetupDomain (219ms)
		LoadAssemblies (273ms)
		RebuildTransferFunctionScriptingTraits (0ms)
		AnalyzeDomain (20ms)
			TypeCache.Refresh (8ms)
				TypeCache.ScanAssembly (0ms)
			ScanForSourceGeneratedMonoScriptInfo (0ms)
			ResolveRequiredComponents (11ms)
	FinalizeReload (1221ms)
		ReleaseScriptCaches (0ms)
		RebuildScriptCaches (0ms)
		SetupLoadedEditorAssemblies (441ms)
			LogAssemblyErrors (0ms)
			InitializePlatformSupportModulesInManaged (9ms)
			SetLoadedEditorAssemblies (3ms)
			RefreshPlugins (0ms)
			BeforeProcessingInitializeOnLoad (90ms)
			ProcessInitializeOnLoadAttributes (255ms)
			ProcessInitializeOnLoadMethodAttributes (75ms)
			AfterProcessingInitializeOnLoad (8ms)
			EditorAssembliesLoaded (0ms)
		ExecutionOrderSort2 (0ms)
		AwakeInstancesAfterBackupRestoration (19ms)
Shader Hidden/ProbeVolume/VoxelizeScene is not supported: GPU does not support conservative rasterization
Refreshing native plugins compatible for Editor in 5.64 ms, found 4 plugins.
Preloading 0 native plugins for Editor in 0.00 ms.
Unloading 5613 Unused Serialized files (Serialized files now loaded: 0)
Unloading 56 unused Assets / (507.0 KB). Loaded Objects now: 6350.
Memory consumption went from 200.6 MB to 200.1 MB.
Total: 4.573900 ms (FindLiveObjects: 0.678900 ms CreateObjectMapping: 0.366900 ms MarkObjects: 3.257100 ms  DeleteObjects: 0.270000 ms)

Prepare: number of updated asset objects reloaded= 0
AssetImportParameters requested are different than current active one (requested -> active):
  custom:container-demuxer-ogg: 62fdf1f143b41e24485cea50d1cbac27 -> 
  custom:scripting/monoscript/fileName/DistortTunnelPass_Distort.cs: e17fd6aebb1f9aae89c3ea13f460c1d4 -> 
  custom:video-decoder-ogg-theora: a1e56fd34408186e4bbccfd4996cb3dc -> 
  custom:framework-win-MediaFoundation: 216162199b28c13a410421893ffa2e32 -> 
  custom:scripting/monoscript/fileName/NewBehaviourScript.cs: b21687ddb03d73bd9f0c1daecb9714de -> 
  custom:scripting/monoscript/fileName/DepthBlitFeature.cs: 9276584c38c07a08d58add88200da03b -> 
  custom:scripting/monoscript/fileName/DistortTunnelPass_CopyColor.cs: 920bd23220de3923e0d97c52ff4d9b4a -> 
  custom:CustomObjectIndexerAttribute: 72b91833f83ae208fae7752999fa3104 -> 
  custom:scripting/monoscript/fileName/DepthBlitEdgePass.cs: 41c3d98af3c2c12dcff99ac9b286fab9 -> 
  custom:scripting/monoscript/fileName/DistortTunnelPass_Tunnel.cs: 932f3fb43fe2df8a2ac984c62bc63690 -> 
  custom:container-demuxer-webm: 4f35f7cbe854078d1ac9338744f61a02 -> 
  custom:scripting/monoscript/fileName/DistortTunnelRendererFeature.cs: 514e5c8cb4d5b24f9164ab5e7b39bcae -> 
  custom:container-muxer-webm: aa71ff27fc2769a1b78a27578f13a17b -> 
  custom:video-decoder-webm-vp8: 9c59270c3fd7afecdb556c50c9e8de78 -> 
  custom:SearchIndexIgnoredProperties: e643bd26f0fe6173181afceb89e7c659 -> 
  custom:AudioImporter_EditorPlatform: d09bf68614088b80899f8185d706f6e7 -> 
  custom:scripting/monoscript/fileName/BlitToRTHandleRendererFeature.cs: 35b53ce5e56c94adfac8dceb27c311f5 -> 
  custom:scripting/monoscript/fileName/BlitToRTHandlePass.cs: 94dc118fae93de0d11011ec324a69480 -> 
  custom:scripting/monoscript/fileName/SkyboxCamera.cs: 156645e0d269d950bc6eb98d6546bb06 -> 
  custom:scripting/monoscript/fileName/AutoLoadPipelineAsset.cs: e14658d06d8aea7c09356132503300f5 -> 
  custom:scripting/monoscript/fileName/KeepFrameFeature.cs: d89d7a0f99a331a3c44b26bc551b69cf -> 
  custom:video-encoder-webm-vp8: eb34c28f22e8b96e1ab97ce403110664 -> 
  custom:audio-decoder-ogg-vorbis: bf7c407c2cedff20999df2af8eb42d56 -> 
  custom:scripting/monoscript/fileName/ScreenSpacePlacement.cs: def3df16d351e2ada80d8740264a42fc -> 
  custom:scripting/monoscript/fileName/FirstPersonController.cs: 8d3e1e9cbae8a175d4b9e7e3e7536c1f -> 
  custom:audio-encoder-webm-vorbis: bf7c407c2cedff20999df2af8eb42d56 -> 
========================================================================
Received Prepare
Begin MonoManager ReloadAssembly
- Loaded All Assemblies, in  0.436 seconds
Refreshing native plugins compatible for Editor in 5.27 ms, found 4 plugins.
Native extension for WindowsStandalone target not found
Native extension for WebGL target not found
Mono: successfully reloaded assembly
- Finished resetting the current domain, in  1.312 seconds
Domain Reload Profiling: 1746ms
	BeginReloadAssembly (150ms)
		ExecutionOrderSort (0ms)
		DisableScriptedObjects (9ms)
		BackupInstance (0ms)
		ReleaseScriptingObjects (0ms)
		CreateAndSetChildDomain (38ms)
	RebuildCommonClasses (27ms)
	RebuildNativeTypeToScriptingClass (9ms)
	initialDomainReloadingComplete (25ms)
	LoadAllAssembliesAndSetupDomain (222ms)
		LoadAssemblies (275ms)
		RebuildTransferFunctionScriptingTraits (0ms)
		AnalyzeDomain (18ms)
			TypeCache.Refresh (6ms)
				TypeCache.ScanAssembly (0ms)
			ScanForSourceGeneratedMonoScriptInfo (0ms)
			ResolveRequiredComponents (10ms)
	FinalizeReload (1313ms)
		ReleaseScriptCaches (0ms)
		RebuildScriptCaches (0ms)
		SetupLoadedEditorAssemblies (506ms)
			LogAssemblyErrors (0ms)
			InitializePlatformSupportModulesInManaged (8ms)
			SetLoadedEditorAssemblies (3ms)
			RefreshPlugins (0ms)
			BeforeProcessingInitializeOnLoad (94ms)
			ProcessInitializeOnLoadAttributes (303ms)
			ProcessInitializeOnLoadMethodAttributes (87ms)
			AfterProcessingInitializeOnLoad (9ms)
			EditorAssembliesLoaded (0ms)
		ExecutionOrderSort2 (0ms)
		AwakeInstancesAfterBackupRestoration (20ms)
Shader Hidden/ProbeVolume/VoxelizeScene is not supported: GPU does not support conservative rasterization
Refreshing native plugins compatible for Editor in 5.34 ms, found 4 plugins.
Preloading 0 native plugins for Editor in 0.00 ms.
Unloading 5613 Unused Serialized files (Serialized files now loaded: 0)
Unloading 56 unused Assets / (507.5 KB). Loaded Objects now: 6355.
Memory consumption went from 200.6 MB to 200.1 MB.
Total: 3.985400 ms (FindLiveObjects: 0.524600 ms CreateObjectMapping: 0.387400 ms MarkObjects: 2.813000 ms  DeleteObjects: 0.259900 ms)

Prepare: number of updated asset objects reloaded= 0
AssetImportParameters requested are different than current active one (requested -> active):
  custom:container-demuxer-ogg: 62fdf1f143b41e24485cea50d1cbac27 -> 
  custom:scripting/monoscript/fileName/DistortTunnelPass_Distort.cs: e17fd6aebb1f9aae89c3ea13f460c1d4 -> 
  custom:video-decoder-ogg-theora: a1e56fd34408186e4bbccfd4996cb3dc -> 
  custom:framework-win-MediaFoundation: 216162199b28c13a410421893ffa2e32 -> 
  custom:scripting/monoscript/fileName/NewBehaviourScript.cs: b21687ddb03d73bd9f0c1daecb9714de -> 
  custom:scripting/monoscript/fileName/DepthBlitFeature.cs: 9276584c38c07a08d58add88200da03b -> 
  custom:scripting/monoscript/fileName/DistortTunnelPass_CopyColor.cs: 920bd23220de3923e0d97c52ff4d9b4a -> 
  custom:CustomObjectIndexerAttribute: 72b91833f83ae208fae7752999fa3104 -> 
  custom:scripting/monoscript/fileName/DepthBlitEdgePass.cs: 41c3d98af3c2c12dcff99ac9b286fab9 -> 
  custom:scripting/monoscript/fileName/DistortTunnelPass_Tunnel.cs: 932f3fb43fe2df8a2ac984c62bc63690 -> 
  custom:container-demuxer-webm: 4f35f7cbe854078d1ac9338744f61a02 -> 
  custom:scripting/monoscript/fileName/DistortTunnelRendererFeature.cs: 514e5c8cb4d5b24f9164ab5e7b39bcae -> 
  custom:container-muxer-webm: aa71ff27fc2769a1b78a27578f13a17b -> 
  custom:video-decoder-webm-vp8: 9c59270c3fd7afecdb556c50c9e8de78 -> 
  custom:SearchIndexIgnoredProperties: e643bd26f0fe6173181afceb89e7c659 -> 
  custom:AudioImporter_EditorPlatform: d09bf68614088b80899f8185d706f6e7 -> 
  custom:scripting/monoscript/fileName/BlitToRTHandleRendererFeature.cs: 35b53ce5e56c94adfac8dceb27c311f5 -> 
  custom:scripting/monoscript/fileName/BlitToRTHandlePass.cs: 94dc118fae93de0d11011ec324a69480 -> 
  custom:scripting/monoscript/fileName/SkyboxCamera.cs: 156645e0d269d950bc6eb98d6546bb06 -> 
  custom:scripting/monoscript/fileName/AutoLoadPipelineAsset.cs: e14658d06d8aea7c09356132503300f5 -> 
  custom:scripting/monoscript/fileName/KeepFrameFeature.cs: d89d7a0f99a331a3c44b26bc551b69cf -> 
  custom:video-encoder-webm-vp8: eb34c28f22e8b96e1ab97ce403110664 -> 
  custom:audio-decoder-ogg-vorbis: bf7c407c2cedff20999df2af8eb42d56 -> 
  custom:scripting/monoscript/fileName/ScreenSpacePlacement.cs: def3df16d351e2ada80d8740264a42fc -> 
  custom:scripting/monoscript/fileName/FirstPersonController.cs: 8d3e1e9cbae8a175d4b9e7e3e7536c1f -> 
  custom:audio-encoder-webm-vorbis: bf7c407c2cedff20999df2af8eb42d56 -> 
========================================================================
Received Prepare
Begin MonoManager ReloadAssembly
- Loaded All Assemblies, in  0.459 seconds
Refreshing native plugins compatible for Editor in 4.88 ms, found 4 plugins.
Native extension for WindowsStandalone target not found
Native extension for WebGL target not found
Mono: successfully reloaded assembly
- Finished resetting the current domain, in  1.323 seconds
Domain Reload Profiling: 1779ms
	BeginReloadAssembly (154ms)
		ExecutionOrderSort (0ms)
		DisableScriptedObjects (9ms)
		BackupInstance (0ms)
		ReleaseScriptingObjects (0ms)
		CreateAndSetChildDomain (41ms)
	RebuildCommonClasses (26ms)
	RebuildNativeTypeToScriptingClass (8ms)
	initialDomainReloadingComplete (28ms)
	LoadAllAssembliesAndSetupDomain (240ms)
		LoadAssemblies (294ms)
		RebuildTransferFunctionScriptingTraits (0ms)
		AnalyzeDomain (19ms)
			TypeCache.Refresh (7ms)
				TypeCache.ScanAssembly (0ms)
			ScanForSourceGeneratedMonoScriptInfo (0ms)
			ResolveRequiredComponents (11ms)
	FinalizeReload (1324ms)
		ReleaseScriptCaches (0ms)
		RebuildScriptCaches (0ms)
		SetupLoadedEditorAssemblies (525ms)
			LogAssemblyErrors (0ms)
			InitializePlatformSupportModulesInManaged (9ms)
			SetLoadedEditorAssemblies (5ms)
			RefreshPlugins (0ms)
			BeforeProcessingInitializeOnLoad (101ms)
			ProcessInitializeOnLoadAttributes (320ms)
			ProcessInitializeOnLoadMethodAttributes (80ms)
			AfterProcessingInitializeOnLoad (10ms)
			EditorAssembliesLoaded (0ms)
		ExecutionOrderSort2 (0ms)
		AwakeInstancesAfterBackupRestoration (20ms)
Shader Hidden/ProbeVolume/VoxelizeScene is not supported: GPU does not support conservative rasterization
Refreshing native plugins compatible for Editor in 6.38 ms, found 4 plugins.
Preloading 0 native plugins for Editor in 0.00 ms.
Unloading 5613 Unused Serialized files (Serialized files now loaded: 0)
Unloading 56 unused Assets / (507.2 KB). Loaded Objects now: 6360.
Memory consumption went from 200.6 MB to 200.1 MB.
Total: 3.923100 ms (FindLiveObjects: 0.458800 ms CreateObjectMapping: 0.314400 ms MarkObjects: 2.831200 ms  DeleteObjects: 0.318100 ms)

Prepare: number of updated asset objects reloaded= 0
AssetImportParameters requested are different than current active one (requested -> active):
  custom:container-demuxer-ogg: 62fdf1f143b41e24485cea50d1cbac27 -> 
  custom:scripting/monoscript/fileName/DistortTunnelPass_Distort.cs: e17fd6aebb1f9aae89c3ea13f460c1d4 -> 
  custom:video-decoder-ogg-theora: a1e56fd34408186e4bbccfd4996cb3dc -> 
  custom:framework-win-MediaFoundation: 216162199b28c13a410421893ffa2e32 -> 
  custom:scripting/monoscript/fileName/NewBehaviourScript.cs: b21687ddb03d73bd9f0c1daecb9714de -> 
  custom:scripting/monoscript/fileName/DepthBlitFeature.cs: 9276584c38c07a08d58add88200da03b -> 
  custom:scripting/monoscript/fileName/DistortTunnelPass_CopyColor.cs: 920bd23220de3923e0d97c52ff4d9b4a -> 
  custom:CustomObjectIndexerAttribute: 72b91833f83ae208fae7752999fa3104 -> 
  custom:scripting/monoscript/fileName/DepthBlitEdgePass.cs: 41c3d98af3c2c12dcff99ac9b286fab9 -> 
  custom:scripting/monoscript/fileName/DistortTunnelPass_Tunnel.cs: 932f3fb43fe2df8a2ac984c62bc63690 -> 
  custom:container-demuxer-webm: 4f35f7cbe854078d1ac9338744f61a02 -> 
  custom:scripting/monoscript/fileName/DistortTunnelRendererFeature.cs: 514e5c8cb4d5b24f9164ab5e7b39bcae -> 
  custom:container-muxer-webm: aa71ff27fc2769a1b78a27578f13a17b -> 
  custom:video-decoder-webm-vp8: 9c59270c3fd7afecdb556c50c9e8de78 -> 
  custom:SearchIndexIgnoredProperties: e643bd26f0fe6173181afceb89e7c659 -> 
  custom:AudioImporter_EditorPlatform: d09bf68614088b80899f8185d706f6e7 -> 
  custom:scripting/monoscript/fileName/BlitToRTHandleRendererFeature.cs: 35b53ce5e56c94adfac8dceb27c311f5 -> 
  custom:scripting/monoscript/fileName/BlitToRTHandlePass.cs: 94dc118fae93de0d11011ec324a69480 -> 
  custom:scripting/monoscript/fileName/SkyboxCamera.cs: 156645e0d269d950bc6eb98d6546bb06 -> 
  custom:scripting/monoscript/fileName/AutoLoadPipelineAsset.cs: e14658d06d8aea7c09356132503300f5 -> 
  custom:scripting/monoscript/fileName/KeepFrameFeature.cs: d89d7a0f99a331a3c44b26bc551b69cf -> 
  custom:video-encoder-webm-vp8: eb34c28f22e8b96e1ab97ce403110664 -> 
  custom:audio-decoder-ogg-vorbis: bf7c407c2cedff20999df2af8eb42d56 -> 
  custom:scripting/monoscript/fileName/ScreenSpacePlacement.cs: def3df16d351e2ada80d8740264a42fc -> 
  custom:scripting/monoscript/fileName/FirstPersonController.cs: 8d3e1e9cbae8a175d4b9e7e3e7536c1f -> 
  custom:audio-encoder-webm-vorbis: bf7c407c2cedff20999df2af8eb42d56 -> 
========================================================================
Received Prepare
Begin MonoManager ReloadAssembly
- Loaded All Assemblies, in  0.478 seconds
Refreshing native plugins compatible for Editor in 5.31 ms, found 4 plugins.
Native extension for WindowsStandalone target not found
Native extension for WebGL target not found
Mono: successfully reloaded assembly
- Finished resetting the current domain, in  1.256 seconds
Domain Reload Profiling: 1731ms
	BeginReloadAssembly (159ms)
		ExecutionOrderSort (0ms)
		DisableScriptedObjects (9ms)
		BackupInstance (0ms)
		ReleaseScriptingObjects (0ms)
		CreateAndSetChildDomain (38ms)
	RebuildCommonClasses (28ms)
	RebuildNativeTypeToScriptingClass (8ms)
	initialDomainReloadingComplete (28ms)
	LoadAllAssembliesAndSetupDomain (250ms)
		LoadAssemblies (312ms)
		RebuildTransferFunctionScriptingTraits (0ms)
		AnalyzeDomain (18ms)
			TypeCache.Refresh (6ms)
				TypeCache.ScanAssembly (0ms)
			ScanForSourceGeneratedMonoScriptInfo (0ms)
			ResolveRequiredComponents (10ms)
	FinalizeReload (1257ms)
		ReleaseScriptCaches (0ms)
		RebuildScriptCaches (0ms)
		SetupLoadedEditorAssemblies (492ms)
			LogAssemblyErrors (0ms)
			InitializePlatformSupportModulesInManaged (8ms)
			SetLoadedEditorAssemblies (4ms)
			RefreshPlugins (0ms)
			BeforeProcessingInitializeOnLoad (91ms)
			ProcessInitializeOnLoadAttributes (304ms)
			ProcessInitializeOnLoadMethodAttributes (77ms)
			AfterProcessingInitializeOnLoad (8ms)
			EditorAssembliesLoaded (0ms)
		ExecutionOrderSort2 (0ms)
		AwakeInstancesAfterBackupRestoration (20ms)
Shader Hidden/ProbeVolume/VoxelizeScene is not supported: GPU does not support conservative rasterization
Refreshing native plugins compatible for Editor in 6.02 ms, found 4 plugins.
Preloading 0 native plugins for Editor in 0.00 ms.
Unloading 5613 Unused Serialized files (Serialized files now loaded: 0)
Unloading 56 unused Assets / (507.2 KB). Loaded Objects now: 6365.
Memory consumption went from 200.6 MB to 200.1 MB.
Total: 4.544700 ms (FindLiveObjects: 0.448400 ms CreateObjectMapping: 0.377800 ms MarkObjects: 3.395500 ms  DeleteObjects: 0.322300 ms)

Prepare: number of updated asset objects reloaded= 0
AssetImportParameters requested are different than current active one (requested -> active):
  custom:container-demuxer-ogg: 62fdf1f143b41e24485cea50d1cbac27 -> 
  custom:scripting/monoscript/fileName/DistortTunnelPass_Distort.cs: e17fd6aebb1f9aae89c3ea13f460c1d4 -> 
  custom:video-decoder-ogg-theora: a1e56fd34408186e4bbccfd4996cb3dc -> 
  custom:framework-win-MediaFoundation: 216162199b28c13a410421893ffa2e32 -> 
  custom:scripting/monoscript/fileName/NewBehaviourScript.cs: b21687ddb03d73bd9f0c1daecb9714de -> 
  custom:scripting/monoscript/fileName/DepthBlitFeature.cs: 9276584c38c07a08d58add88200da03b -> 
  custom:scripting/monoscript/fileName/DistortTunnelPass_CopyColor.cs: 920bd23220de3923e0d97c52ff4d9b4a -> 
  custom:CustomObjectIndexerAttribute: 72b91833f83ae208fae7752999fa3104 -> 
  custom:scripting/monoscript/fileName/DepthBlitEdgePass.cs: 41c3d98af3c2c12dcff99ac9b286fab9 -> 
  custom:scripting/monoscript/fileName/DistortTunnelPass_Tunnel.cs: 932f3fb43fe2df8a2ac984c62bc63690 -> 
  custom:container-demuxer-webm: 4f35f7cbe854078d1ac9338744f61a02 -> 
  custom:scripting/monoscript/fileName/DistortTunnelRendererFeature.cs: 514e5c8cb4d5b24f9164ab5e7b39bcae -> 
  custom:container-muxer-webm: aa71ff27fc2769a1b78a27578f13a17b -> 
  custom:video-decoder-webm-vp8: 9c59270c3fd7afecdb556c50c9e8de78 -> 
  custom:SearchIndexIgnoredProperties: e643bd26f0fe6173181afceb89e7c659 -> 
  custom:AudioImporter_EditorPlatform: d09bf68614088b80899f8185d706f6e7 -> 
  custom:scripting/monoscript/fileName/BlitToRTHandleRendererFeature.cs: 35b53ce5e56c94adfac8dceb27c311f5 -> 
  custom:scripting/monoscript/fileName/BlitToRTHandlePass.cs: 94dc118fae93de0d11011ec324a69480 -> 
  custom:scripting/monoscript/fileName/SkyboxCamera.cs: 156645e0d269d950bc6eb98d6546bb06 -> 
  custom:scripting/monoscript/fileName/AutoLoadPipelineAsset.cs: e14658d06d8aea7c09356132503300f5 -> 
  custom:scripting/monoscript/fileName/KeepFrameFeature.cs: d89d7a0f99a331a3c44b26bc551b69cf -> 
  custom:video-encoder-webm-vp8: eb34c28f22e8b96e1ab97ce403110664 -> 
  custom:audio-decoder-ogg-vorbis: bf7c407c2cedff20999df2af8eb42d56 -> 
  custom:scripting/monoscript/fileName/ScreenSpacePlacement.cs: def3df16d351e2ada80d8740264a42fc -> 
  custom:scripting/monoscript/fileName/FirstPersonController.cs: 8d3e1e9cbae8a175d4b9e7e3e7536c1f -> 
  custom:audio-encoder-webm-vorbis: bf7c407c2cedff20999df2af8eb42d56 -> 
========================================================================
Received Prepare
Begin MonoManager ReloadAssembly
- Loaded All Assemblies, in  0.469 seconds
Refreshing native plugins compatible for Editor in 4.57 ms, found 4 plugins.
Native extension for WindowsStandalone target not found
Native extension for WebGL target not found
Mono: successfully reloaded assembly
- Finished resetting the current domain, in  1.080 seconds
Domain Reload Profiling: 1545ms
	BeginReloadAssembly (149ms)
		ExecutionOrderSort (0ms)
		DisableScriptedObjects (10ms)
		BackupInstance (0ms)
		ReleaseScriptingObjects (0ms)
		CreateAndSetChildDomain (38ms)
	RebuildCommonClasses (24ms)
	RebuildNativeTypeToScriptingClass (9ms)
	initialDomainReloadingComplete (30ms)
	LoadAllAssembliesAndSetupDomain (254ms)
		LoadAssemblies (286ms)
		RebuildTransferFunctionScriptingTraits (0ms)
		AnalyzeDomain (39ms)
			TypeCache.Refresh (11ms)
				TypeCache.ScanAssembly (1ms)
			ScanForSourceGeneratedMonoScriptInfo (18ms)
			ResolveRequiredComponents (9ms)
	FinalizeReload (1081ms)
		ReleaseScriptCaches (0ms)
		RebuildScriptCaches (0ms)
		SetupLoadedEditorAssemblies (380ms)
			LogAssemblyErrors (0ms)
			InitializePlatformSupportModulesInManaged (6ms)
			SetLoadedEditorAssemblies (3ms)
			RefreshPlugins (0ms)
			BeforeProcessingInitializeOnLoad (70ms)
			ProcessInitializeOnLoadAttributes (236ms)
			ProcessInitializeOnLoadMethodAttributes (58ms)
			AfterProcessingInitializeOnLoad (7ms)
			EditorAssembliesLoaded (0ms)
		ExecutionOrderSort2 (0ms)
		AwakeInstancesAfterBackupRestoration (14ms)
Shader Hidden/ProbeVolume/VoxelizeScene is not supported: GPU does not support conservative rasterization
Refreshing native plugins compatible for Editor in 4.79 ms, found 4 plugins.
Preloading 0 native plugins for Editor in 0.00 ms.
Unloading 5613 Unused Serialized files (Serialized files now loaded: 0)
Unloading 56 unused Assets / (507.6 KB). Loaded Objects now: 6370.
Memory consumption went from 200.6 MB to 200.1 MB.
Total: 3.576100 ms (FindLiveObjects: 0.468800 ms CreateObjectMapping: 0.178600 ms MarkObjects: 2.675800 ms  DeleteObjects: 0.252100 ms)

Prepare: number of updated asset objects reloaded= 0
AssetImportParameters requested are different than current active one (requested -> active):
  custom:container-demuxer-ogg: 62fdf1f143b41e24485cea50d1cbac27 -> 
  custom:scripting/monoscript/fileName/DistortTunnelPass_Distort.cs: e17fd6aebb1f9aae89c3ea13f460c1d4 -> 
  custom:video-decoder-ogg-theora: a1e56fd34408186e4bbccfd4996cb3dc -> 
  custom:framework-win-MediaFoundation: 216162199b28c13a410421893ffa2e32 -> 
  custom:scripting/monoscript/fileName/NewBehaviourScript.cs: b21687ddb03d73bd9f0c1daecb9714de -> 
  custom:scripting/monoscript/fileName/DepthBlitFeature.cs: 9276584c38c07a08d58add88200da03b -> 
  custom:scripting/monoscript/fileName/DistortTunnelPass_CopyColor.cs: 920bd23220de3923e0d97c52ff4d9b4a -> 
  custom:CustomObjectIndexerAttribute: 72b91833f83ae208fae7752999fa3104 -> 
  custom:scripting/monoscript/fileName/DepthBlitEdgePass.cs: 41c3d98af3c2c12dcff99ac9b286fab9 -> 
  custom:scripting/monoscript/fileName/DistortTunnelPass_Tunnel.cs: 932f3fb43fe2df8a2ac984c62bc63690 -> 
  custom:container-demuxer-webm: 4f35f7cbe854078d1ac9338744f61a02 -> 
  custom:scripting/monoscript/fileName/DistortTunnelRendererFeature.cs: 514e5c8cb4d5b24f9164ab5e7b39bcae -> 
  custom:container-muxer-webm: aa71ff27fc2769a1b78a27578f13a17b -> 
  custom:video-decoder-webm-vp8: 9c59270c3fd7afecdb556c50c9e8de78 -> 
  custom:SearchIndexIgnoredProperties: e643bd26f0fe6173181afceb89e7c659 -> 
  custom:AudioImporter_EditorPlatform: d09bf68614088b80899f8185d706f6e7 -> 
  custom:scripting/monoscript/fileName/BlitToRTHandleRendererFeature.cs: 35b53ce5e56c94adfac8dceb27c311f5 -> 
  custom:scripting/monoscript/fileName/BlitToRTHandlePass.cs: 94dc118fae93de0d11011ec324a69480 -> 
  custom:scripting/monoscript/fileName/SkyboxCamera.cs: 156645e0d269d950bc6eb98d6546bb06 -> 
  custom:scripting/monoscript/fileName/AutoLoadPipelineAsset.cs: e14658d06d8aea7c09356132503300f5 -> 
  custom:scripting/monoscript/fileName/KeepFrameFeature.cs: d89d7a0f99a331a3c44b26bc551b69cf -> 
  custom:video-encoder-webm-vp8: eb34c28f22e8b96e1ab97ce403110664 -> 
  custom:audio-decoder-ogg-vorbis: bf7c407c2cedff20999df2af8eb42d56 -> 
  custom:scripting/monoscript/fileName/ScreenSpacePlacement.cs: def3df16d351e2ada80d8740264a42fc -> 
  custom:scripting/monoscript/fileName/FirstPersonController.cs: 8d3e1e9cbae8a175d4b9e7e3e7536c1f -> 
  custom:audio-encoder-webm-vorbis: bf7c407c2cedff20999df2af8eb42d56 -> 
========================================================================
Received Prepare
Begin MonoManager ReloadAssembly
- Loaded All Assemblies, in  0.437 seconds
Refreshing native plugins compatible for Editor in 6.22 ms, found 4 plugins.
Native extension for WindowsStandalone target not found
Native extension for WebGL target not found
Mono: successfully reloaded assembly
- Finished resetting the current domain, in  1.282 seconds
Domain Reload Profiling: 1715ms
	BeginReloadAssembly (150ms)
		ExecutionOrderSort (0ms)
		DisableScriptedObjects (9ms)
		BackupInstance (0ms)
		ReleaseScriptingObjects (0ms)
		CreateAndSetChildDomain (38ms)
	RebuildCommonClasses (24ms)
	RebuildNativeTypeToScriptingClass (8ms)
	initialDomainReloadingComplete (27ms)
	LoadAllAssembliesAndSetupDomain (224ms)
		LoadAssemblies (280ms)
		RebuildTransferFunctionScriptingTraits (0ms)
		AnalyzeDomain (18ms)
			TypeCache.Refresh (6ms)
				TypeCache.ScanAssembly (0ms)
			ScanForSourceGeneratedMonoScriptInfo (0ms)
			ResolveRequiredComponents (10ms)
	FinalizeReload (1282ms)
		ReleaseScriptCaches (0ms)
		RebuildScriptCaches (0ms)
		SetupLoadedEditorAssemblies (500ms)
			LogAssemblyErrors (0ms)
			InitializePlatformSupportModulesInManaged (8ms)
			SetLoadedEditorAssemblies (3ms)
			RefreshPlugins (0ms)
			BeforeProcessingInitializeOnLoad (92ms)
			ProcessInitializeOnLoadAttributes (312ms)
			ProcessInitializeOnLoadMethodAttributes (75ms)
			AfterProcessingInitializeOnLoad (10ms)
			EditorAssembliesLoaded (0ms)
		ExecutionOrderSort2 (0ms)
		AwakeInstancesAfterBackupRestoration (18ms)
Shader Hidden/ProbeVolume/VoxelizeScene is not supported: GPU does not support conservative rasterization
Refreshing native plugins compatible for Editor in 6.10 ms, found 4 plugins.
Preloading 0 native plugins for Editor in 0.00 ms.
Unloading 5613 Unused Serialized files (Serialized files now loaded: 0)
Unloading 56 unused Assets / (507.2 KB). Loaded Objects now: 6375.
Memory consumption went from 200.6 MB to 200.1 MB.
Total: 3.579600 ms (FindLiveObjects: 0.428100 ms CreateObjectMapping: 0.170900 ms MarkObjects: 2.736400 ms  DeleteObjects: 0.243100 ms)

Prepare: number of updated asset objects reloaded= 0
AssetImportParameters requested are different than current active one (requested -> active):
  custom:container-demuxer-ogg: 62fdf1f143b41e24485cea50d1cbac27 -> 
  custom:scripting/monoscript/fileName/DistortTunnelPass_Distort.cs: e17fd6aebb1f9aae89c3ea13f460c1d4 -> 
  custom:video-decoder-ogg-theora: a1e56fd34408186e4bbccfd4996cb3dc -> 
  custom:framework-win-MediaFoundation: 216162199b28c13a410421893ffa2e32 -> 
  custom:scripting/monoscript/fileName/NewBehaviourScript.cs: b21687ddb03d73bd9f0c1daecb9714de -> 
  custom:scripting/monoscript/fileName/DepthBlitFeature.cs: 9276584c38c07a08d58add88200da03b -> 
  custom:scripting/monoscript/fileName/DistortTunnelPass_CopyColor.cs: 920bd23220de3923e0d97c52ff4d9b4a -> 
  custom:CustomObjectIndexerAttribute: 72b91833f83ae208fae7752999fa3104 -> 
  custom:scripting/monoscript/fileName/DepthBlitEdgePass.cs: 41c3d98af3c2c12dcff99ac9b286fab9 -> 
  custom:scripting/monoscript/fileName/DistortTunnelPass_Tunnel.cs: 932f3fb43fe2df8a2ac984c62bc63690 -> 
  custom:container-demuxer-webm: 4f35f7cbe854078d1ac9338744f61a02 -> 
  custom:scripting/monoscript/fileName/DistortTunnelRendererFeature.cs: 514e5c8cb4d5b24f9164ab5e7b39bcae -> 
  custom:container-muxer-webm: aa71ff27fc2769a1b78a27578f13a17b -> 
  custom:video-decoder-webm-vp8: 9c59270c3fd7afecdb556c50c9e8de78 -> 
  custom:SearchIndexIgnoredProperties: e643bd26f0fe6173181afceb89e7c659 -> 
  custom:AudioImporter_EditorPlatform: d09bf68614088b80899f8185d706f6e7 -> 
  custom:scripting/monoscript/fileName/BlitToRTHandleRendererFeature.cs: 35b53ce5e56c94adfac8dceb27c311f5 -> 
  custom:scripting/monoscript/fileName/BlitToRTHandlePass.cs: 94dc118fae93de0d11011ec324a69480 -> 
  custom:scripting/monoscript/fileName/SkyboxCamera.cs: 156645e0d269d950bc6eb98d6546bb06 -> 
  custom:scripting/monoscript/fileName/AutoLoadPipelineAsset.cs: e14658d06d8aea7c09356132503300f5 -> 
  custom:scripting/monoscript/fileName/KeepFrameFeature.cs: d89d7a0f99a331a3c44b26bc551b69cf -> 
  custom:video-encoder-webm-vp8: eb34c28f22e8b96e1ab97ce403110664 -> 
  custom:audio-decoder-ogg-vorbis: bf7c407c2cedff20999df2af8eb42d56 -> 
  custom:scripting/monoscript/fileName/ScreenSpacePlacement.cs: def3df16d351e2ada80d8740264a42fc -> 
  custom:scripting/monoscript/fileName/FirstPersonController.cs: 8d3e1e9cbae8a175d4b9e7e3e7536c1f -> 
  custom:audio-encoder-webm-vorbis: bf7c407c2cedff20999df2af8eb42d56 -> 
========================================================================
Received Prepare
Begin MonoManager ReloadAssembly
- Loaded All Assemblies, in  0.438 seconds
Refreshing native plugins compatible for Editor in 4.90 ms, found 4 plugins.
Native extension for WindowsStandalone target not found
Native extension for WebGL target not found
Mono: successfully reloaded assembly
- Finished resetting the current domain, in  1.279 seconds
Domain Reload Profiling: 1714ms
	BeginReloadAssembly (154ms)
		ExecutionOrderSort (0ms)
		DisableScriptedObjects (12ms)
		BackupInstance (0ms)
		ReleaseScriptingObjects (0ms)
		CreateAndSetChildDomain (38ms)
	RebuildCommonClasses (26ms)
	RebuildNativeTypeToScriptingClass (8ms)
	initialDomainReloadingComplete (26ms)
	LoadAllAssembliesAndSetupDomain (220ms)
		LoadAssemblies (275ms)
		RebuildTransferFunctionScriptingTraits (0ms)
		AnalyzeDomain (18ms)
			TypeCache.Refresh (8ms)
				TypeCache.ScanAssembly (0ms)
			ScanForSourceGeneratedMonoScriptInfo (0ms)
			ResolveRequiredComponents (9ms)
	FinalizeReload (1280ms)
		ReleaseScriptCaches (0ms)
		RebuildScriptCaches (0ms)
		SetupLoadedEditorAssemblies (499ms)
			LogAssemblyErrors (0ms)
			InitializePlatformSupportModulesInManaged (10ms)
			SetLoadedEditorAssemblies (4ms)
			RefreshPlugins (0ms)
			BeforeProcessingInitializeOnLoad (95ms)
			ProcessInitializeOnLoadAttributes (300ms)
			ProcessInitializeOnLoadMethodAttributes (80ms)
			AfterProcessingInitializeOnLoad (9ms)
			EditorAssembliesLoaded (0ms)
		ExecutionOrderSort2 (0ms)
		AwakeInstancesAfterBackupRestoration (22ms)
Shader Hidden/ProbeVolume/VoxelizeScene is not supported: GPU does not support conservative rasterization
Refreshing native plugins compatible for Editor in 5.42 ms, found 4 plugins.
Preloading 0 native plugins for Editor in 0.00 ms.
Unloading 5613 Unused Serialized files (Serialized files now loaded: 0)
Unloading 56 unused Assets / (507.7 KB). Loaded Objects now: 6380.
Memory consumption went from 200.7 MB to 200.2 MB.
Total: 3.800300 ms (FindLiveObjects: 0.589000 ms CreateObjectMapping: 0.181300 ms MarkObjects: 2.757200 ms  DeleteObjects: 0.263200 ms)

Prepare: number of updated asset objects reloaded= 0
AssetImportParameters requested are different than current active one (requested -> active):
  custom:container-demuxer-ogg: 62fdf1f143b41e24485cea50d1cbac27 -> 
  custom:scripting/monoscript/fileName/DistortTunnelPass_Distort.cs: e17fd6aebb1f9aae89c3ea13f460c1d4 -> 
  custom:video-decoder-ogg-theora: a1e56fd34408186e4bbccfd4996cb3dc -> 
  custom:framework-win-MediaFoundation: 216162199b28c13a410421893ffa2e32 -> 
  custom:scripting/monoscript/fileName/NewBehaviourScript.cs: b21687ddb03d73bd9f0c1daecb9714de -> 
  custom:scripting/monoscript/fileName/DepthBlitFeature.cs: 9276584c38c07a08d58add88200da03b -> 
  custom:scripting/monoscript/fileName/DistortTunnelPass_CopyColor.cs: 920bd23220de3923e0d97c52ff4d9b4a -> 
  custom:CustomObjectIndexerAttribute: 72b91833f83ae208fae7752999fa3104 -> 
  custom:scripting/monoscript/fileName/DepthBlitEdgePass.cs: 41c3d98af3c2c12dcff99ac9b286fab9 -> 
  custom:scripting/monoscript/fileName/DistortTunnelPass_Tunnel.cs: 932f3fb43fe2df8a2ac984c62bc63690 -> 
  custom:container-demuxer-webm: 4f35f7cbe854078d1ac9338744f61a02 -> 
  custom:scripting/monoscript/fileName/DistortTunnelRendererFeature.cs: 514e5c8cb4d5b24f9164ab5e7b39bcae -> 
  custom:container-muxer-webm: aa71ff27fc2769a1b78a27578f13a17b -> 
  custom:video-decoder-webm-vp8: 9c59270c3fd7afecdb556c50c9e8de78 -> 
  custom:SearchIndexIgnoredProperties: e643bd26f0fe6173181afceb89e7c659 -> 
  custom:AudioImporter_EditorPlatform: d09bf68614088b80899f8185d706f6e7 -> 
  custom:scripting/monoscript/fileName/BlitToRTHandleRendererFeature.cs: 35b53ce5e56c94adfac8dceb27c311f5 -> 
  custom:scripting/monoscript/fileName/BlitToRTHandlePass.cs: 94dc118fae93de0d11011ec324a69480 -> 
  custom:scripting/monoscript/fileName/SkyboxCamera.cs: 156645e0d269d950bc6eb98d6546bb06 -> 
  custom:scripting/monoscript/fileName/AutoLoadPipelineAsset.cs: e14658d06d8aea7c09356132503300f5 -> 
  custom:scripting/monoscript/fileName/KeepFrameFeature.cs: d89d7a0f99a331a3c44b26bc551b69cf -> 
  custom:video-encoder-webm-vp8: eb34c28f22e8b96e1ab97ce403110664 -> 
  custom:audio-decoder-ogg-vorbis: bf7c407c2cedff20999df2af8eb42d56 -> 
  custom:scripting/monoscript/fileName/ScreenSpacePlacement.cs: def3df16d351e2ada80d8740264a42fc -> 
  custom:scripting/monoscript/fileName/FirstPersonController.cs: 8d3e1e9cbae8a175d4b9e7e3e7536c1f -> 
  custom:audio-encoder-webm-vorbis: bf7c407c2cedff20999df2af8eb42d56 -> 
========================================================================
Received Prepare
Begin MonoManager ReloadAssembly
- Loaded All Assemblies, in  0.468 seconds
Refreshing native plugins compatible for Editor in 4.95 ms, found 4 plugins.
Native extension for WindowsStandalone target not found
Native extension for WebGL target not found
Mono: successfully reloaded assembly
- Finished resetting the current domain, in  1.094 seconds
Domain Reload Profiling: 1559ms
	BeginReloadAssembly (151ms)
		ExecutionOrderSort (0ms)
		DisableScriptedObjects (9ms)
		BackupInstance (0ms)
		ReleaseScriptingObjects (0ms)
		CreateAndSetChildDomain (42ms)
	RebuildCommonClasses (26ms)
	RebuildNativeTypeToScriptingClass (10ms)
	initialDomainReloadingComplete (30ms)
	LoadAllAssembliesAndSetupDomain (247ms)
		LoadAssemblies (272ms)
		RebuildTransferFunctionScriptingTraits (0ms)
		AnalyzeDomain (43ms)
			TypeCache.Refresh (12ms)
				TypeCache.ScanAssembly (1ms)
			ScanForSourceGeneratedMonoScriptInfo (21ms)
			ResolveRequiredComponents (9ms)
	FinalizeReload (1094ms)
		ReleaseScriptCaches (0ms)
		RebuildScriptCaches (0ms)
		SetupLoadedEditorAssemblies (406ms)
			LogAssemblyErrors (0ms)
			InitializePlatformSupportModulesInManaged (9ms)
			SetLoadedEditorAssemblies (4ms)
			RefreshPlugins (0ms)
			BeforeProcessingInitializeOnLoad (74ms)
			ProcessInitializeOnLoadAttributes (255ms)
			ProcessInitializeOnLoadMethodAttributes (57ms)
			AfterProcessingInitializeOnLoad (7ms)
			EditorAssembliesLoaded (0ms)
		ExecutionOrderSort2 (0ms)
		AwakeInstancesAfterBackupRestoration (14ms)
Shader Hidden/ProbeVolume/VoxelizeScene is not supported: GPU does not support conservative rasterization
Refreshing native plugins compatible for Editor in 4.99 ms, found 4 plugins.
Preloading 0 native plugins for Editor in 0.00 ms.
Unloading 5613 Unused Serialized files (Serialized files now loaded: 0)
Unloading 56 unused Assets / (507.2 KB). Loaded Objects now: 6385.
Memory consumption went from 200.6 MB to 200.1 MB.
Total: 3.979200 ms (FindLiveObjects: 0.505900 ms CreateObjectMapping: 0.369500 ms MarkObjects: 2.829400 ms  DeleteObjects: 0.273700 ms)

Prepare: number of updated asset objects reloaded= 0
AssetImportParameters requested are different than current active one (requested -> active):
  custom:container-demuxer-ogg: 62fdf1f143b41e24485cea50d1cbac27 -> 
  custom:scripting/monoscript/fileName/DistortTunnelPass_Distort.cs: e17fd6aebb1f9aae89c3ea13f460c1d4 -> 
  custom:video-decoder-ogg-theora: a1e56fd34408186e4bbccfd4996cb3dc -> 
  custom:framework-win-MediaFoundation: 216162199b28c13a410421893ffa2e32 -> 
  custom:scripting/monoscript/fileName/NewBehaviourScript.cs: b21687ddb03d73bd9f0c1daecb9714de -> 
  custom:scripting/monoscript/fileName/DepthBlitFeature.cs: 9276584c38c07a08d58add88200da03b -> 
  custom:scripting/monoscript/fileName/DistortTunnelPass_CopyColor.cs: 920bd23220de3923e0d97c52ff4d9b4a -> 
  custom:CustomObjectIndexerAttribute: 72b91833f83ae208fae7752999fa3104 -> 
  custom:scripting/monoscript/fileName/DepthBlitEdgePass.cs: 41c3d98af3c2c12dcff99ac9b286fab9 -> 
  custom:scripting/monoscript/fileName/DistortTunnelPass_Tunnel.cs: 932f3fb43fe2df8a2ac984c62bc63690 -> 
  custom:container-demuxer-webm: 4f35f7cbe854078d1ac9338744f61a02 -> 
  custom:scripting/monoscript/fileName/DistortTunnelRendererFeature.cs: 514e5c8cb4d5b24f9164ab5e7b39bcae -> 
  custom:container-muxer-webm: aa71ff27fc2769a1b78a27578f13a17b -> 
  custom:video-decoder-webm-vp8: 9c59270c3fd7afecdb556c50c9e8de78 -> 
  custom:SearchIndexIgnoredProperties: e643bd26f0fe6173181afceb89e7c659 -> 
  custom:AudioImporter_EditorPlatform: d09bf68614088b80899f8185d706f6e7 -> 
  custom:scripting/monoscript/fileName/BlitToRTHandleRendererFeature.cs: 35b53ce5e56c94adfac8dceb27c311f5 -> 
  custom:scripting/monoscript/fileName/BlitToRTHandlePass.cs: 94dc118fae93de0d11011ec324a69480 -> 
  custom:scripting/monoscript/fileName/SkyboxCamera.cs: 156645e0d269d950bc6eb98d6546bb06 -> 
  custom:scripting/monoscript/fileName/AutoLoadPipelineAsset.cs: e14658d06d8aea7c09356132503300f5 -> 
  custom:scripting/monoscript/fileName/KeepFrameFeature.cs: d89d7a0f99a331a3c44b26bc551b69cf -> 
  custom:video-encoder-webm-vp8: eb34c28f22e8b96e1ab97ce403110664 -> 
  custom:audio-decoder-ogg-vorbis: bf7c407c2cedff20999df2af8eb42d56 -> 
  custom:scripting/monoscript/fileName/ScreenSpacePlacement.cs: def3df16d351e2ada80d8740264a42fc -> 
  custom:scripting/monoscript/fileName/FirstPersonController.cs: 8d3e1e9cbae8a175d4b9e7e3e7536c1f -> 
  custom:audio-encoder-webm-vorbis: bf7c407c2cedff20999df2af8eb42d56 -> 
========================================================================
Received Prepare
Begin MonoManager ReloadAssembly
- Loaded All Assemblies, in  0.428 seconds
Refreshing native plugins compatible for Editor in 4.56 ms, found 4 plugins.
Native extension for WindowsStandalone target not found
Native extension for WebGL target not found
Mono: successfully reloaded assembly
- Finished resetting the current domain, in  1.229 seconds
Domain Reload Profiling: 1653ms
	BeginReloadAssembly (144ms)
		ExecutionOrderSort (0ms)
		DisableScriptedObjects (9ms)
		BackupInstance (0ms)
		ReleaseScriptingObjects (0ms)
		CreateAndSetChildDomain (34ms)
	RebuildCommonClasses (25ms)
	RebuildNativeTypeToScriptingClass (8ms)
	initialDomainReloadingComplete (27ms)
	LoadAllAssembliesAndSetupDomain (218ms)
		LoadAssemblies (270ms)
		RebuildTransferFunctionScriptingTraits (0ms)
		AnalyzeDomain (18ms)
			TypeCache.Refresh (8ms)
				TypeCache.ScanAssembly (0ms)
			ScanForSourceGeneratedMonoScriptInfo (0ms)
			ResolveRequiredComponents (9ms)
	FinalizeReload (1230ms)
		ReleaseScriptCaches (0ms)
		RebuildScriptCaches (0ms)
		SetupLoadedEditorAssemblies (494ms)
			LogAssemblyErrors (0ms)
			InitializePlatformSupportModulesInManaged (9ms)
			SetLoadedEditorAssemblies (4ms)
			RefreshPlugins (0ms)
			BeforeProcessingInitializeOnLoad (95ms)
			ProcessInitializeOnLoadAttributes (299ms)
			ProcessInitializeOnLoadMethodAttributes (78ms)
			AfterProcessingInitializeOnLoad (8ms)
			EditorAssembliesLoaded (0ms)
		ExecutionOrderSort2 (0ms)
		AwakeInstancesAfterBackupRestoration (20ms)
Shader Hidden/ProbeVolume/VoxelizeScene is not supported: GPU does not support conservative rasterization
Refreshing native plugins compatible for Editor in 5.25 ms, found 4 plugins.
Preloading 0 native plugins for Editor in 0.00 ms.
Unloading 5613 Unused Serialized files (Serialized files now loaded: 0)
Unloading 56 unused Assets / (507.6 KB). Loaded Objects now: 6390.
Memory consumption went from 200.7 MB to 200.2 MB.
Total: 4.229800 ms (FindLiveObjects: 0.535800 ms CreateObjectMapping: 0.245500 ms MarkObjects: 3.177600 ms  DeleteObjects: 0.270300 ms)

Prepare: number of updated asset objects reloaded= 0
AssetImportParameters requested are different than current active one (requested -> active):
  custom:container-demuxer-ogg: 62fdf1f143b41e24485cea50d1cbac27 -> 
  custom:scripting/monoscript/fileName/DistortTunnelPass_Distort.cs: e17fd6aebb1f9aae89c3ea13f460c1d4 -> 
  custom:video-decoder-ogg-theora: a1e56fd34408186e4bbccfd4996cb3dc -> 
  custom:framework-win-MediaFoundation: 216162199b28c13a410421893ffa2e32 -> 
  custom:scripting/monoscript/fileName/NewBehaviourScript.cs: b21687ddb03d73bd9f0c1daecb9714de -> 
  custom:scripting/monoscript/fileName/DepthBlitFeature.cs: 9276584c38c07a08d58add88200da03b -> 
  custom:scripting/monoscript/fileName/DistortTunnelPass_CopyColor.cs: 920bd23220de3923e0d97c52ff4d9b4a -> 
  custom:CustomObjectIndexerAttribute: 72b91833f83ae208fae7752999fa3104 -> 
  custom:scripting/monoscript/fileName/DepthBlitEdgePass.cs: 41c3d98af3c2c12dcff99ac9b286fab9 -> 
  custom:scripting/monoscript/fileName/DistortTunnelPass_Tunnel.cs: 932f3fb43fe2df8a2ac984c62bc63690 -> 
  custom:container-demuxer-webm: 4f35f7cbe854078d1ac9338744f61a02 -> 
  custom:scripting/monoscript/fileName/DistortTunnelRendererFeature.cs: 514e5c8cb4d5b24f9164ab5e7b39bcae -> 
  custom:container-muxer-webm: aa71ff27fc2769a1b78a27578f13a17b -> 
  custom:video-decoder-webm-vp8: 9c59270c3fd7afecdb556c50c9e8de78 -> 
  custom:SearchIndexIgnoredProperties: e643bd26f0fe6173181afceb89e7c659 -> 
  custom:AudioImporter_EditorPlatform: d09bf68614088b80899f8185d706f6e7 -> 
  custom:scripting/monoscript/fileName/BlitToRTHandleRendererFeature.cs: 35b53ce5e56c94adfac8dceb27c311f5 -> 
  custom:scripting/monoscript/fileName/BlitToRTHandlePass.cs: 94dc118fae93de0d11011ec324a69480 -> 
  custom:scripting/monoscript/fileName/SkyboxCamera.cs: 156645e0d269d950bc6eb98d6546bb06 -> 
  custom:scripting/monoscript/fileName/AutoLoadPipelineAsset.cs: e14658d06d8aea7c09356132503300f5 -> 
  custom:scripting/monoscript/fileName/KeepFrameFeature.cs: d89d7a0f99a331a3c44b26bc551b69cf -> 
  custom:video-encoder-webm-vp8: eb34c28f22e8b96e1ab97ce403110664 -> 
  custom:audio-decoder-ogg-vorbis: bf7c407c2cedff20999df2af8eb42d56 -> 
  custom:scripting/monoscript/fileName/ScreenSpacePlacement.cs: def3df16d351e2ada80d8740264a42fc -> 
  custom:scripting/monoscript/fileName/FirstPersonController.cs: 8d3e1e9cbae8a175d4b9e7e3e7536c1f -> 
  custom:audio-encoder-webm-vorbis: bf7c407c2cedff20999df2af8eb42d56 -> 
========================================================================
Received Prepare
Begin MonoManager ReloadAssembly
- Loaded All Assemblies, in  0.416 seconds
Refreshing native plugins compatible for Editor in 6.21 ms, found 4 plugins.
Native extension for WindowsStandalone target not found
Native extension for WebGL target not found
Mono: successfully reloaded assembly
- Finished resetting the current domain, in  1.236 seconds
Domain Reload Profiling: 1648ms
	BeginReloadAssembly (139ms)
		ExecutionOrderSort (0ms)
		DisableScriptedObjects (9ms)
		BackupInstance (0ms)
		ReleaseScriptingObjects (0ms)
		CreateAndSetChildDomain (32ms)
	RebuildCommonClasses (24ms)
	RebuildNativeTypeToScriptingClass (8ms)
	initialDomainReloadingComplete (25ms)
	LoadAllAssembliesAndSetupDomain (216ms)
		LoadAssemblies (261ms)
		RebuildTransferFunctionScriptingTraits (0ms)
		AnalyzeDomain (23ms)
			TypeCache.Refresh (8ms)
				TypeCache.ScanAssembly (0ms)
			ScanForSourceGeneratedMonoScriptInfo (0ms)
			ResolveRequiredComponents (13ms)
	FinalizeReload (1236ms)
		ReleaseScriptCaches (0ms)
		RebuildScriptCaches (0ms)
		SetupLoadedEditorAssemblies (498ms)
			LogAssemblyErrors (0ms)
			InitializePlatformSupportModulesInManaged (9ms)
			SetLoadedEditorAssemblies (4ms)
			RefreshPlugins (0ms)
			BeforeProcessingInitializeOnLoad (94ms)
			ProcessInitializeOnLoadAttributes (304ms)
			ProcessInitializeOnLoadMethodAttributes (77ms)
			AfterProcessingInitializeOnLoad (8ms)
			EditorAssembliesLoaded (0ms)
		ExecutionOrderSort2 (0ms)
		AwakeInstancesAfterBackupRestoration (19ms)
Shader Hidden/ProbeVolume/VoxelizeScene is not supported: GPU does not support conservative rasterization
Refreshing native plugins compatible for Editor in 5.48 ms, found 4 plugins.
Preloading 0 native plugins for Editor in 0.00 ms.
Unloading 5613 Unused Serialized files (Serialized files now loaded: 0)
Unloading 56 unused Assets / (507.0 KB). Loaded Objects now: 6395.
Memory consumption went from 200.7 MB to 200.2 MB.
Total: 4.263800 ms (FindLiveObjects: 0.538100 ms CreateObjectMapping: 0.220700 ms MarkObjects: 3.113700 ms  DeleteObjects: 0.390500 ms)

Prepare: number of updated asset objects reloaded= 0
AssetImportParameters requested are different than current active one (requested -> active):
  custom:container-demuxer-ogg: 62fdf1f143b41e24485cea50d1cbac27 -> 
  custom:scripting/monoscript/fileName/DistortTunnelPass_Distort.cs: e17fd6aebb1f9aae89c3ea13f460c1d4 -> 
  custom:video-decoder-ogg-theora: a1e56fd34408186e4bbccfd4996cb3dc -> 
  custom:framework-win-MediaFoundation: 216162199b28c13a410421893ffa2e32 -> 
  custom:scripting/monoscript/fileName/NewBehaviourScript.cs: b21687ddb03d73bd9f0c1daecb9714de -> 
  custom:scripting/monoscript/fileName/DepthBlitFeature.cs: 9276584c38c07a08d58add88200da03b -> 
  custom:scripting/monoscript/fileName/DistortTunnelPass_CopyColor.cs: 920bd23220de3923e0d97c52ff4d9b4a -> 
  custom:CustomObjectIndexerAttribute: 72b91833f83ae208fae7752999fa3104 -> 
  custom:scripting/monoscript/fileName/DepthBlitEdgePass.cs: 41c3d98af3c2c12dcff99ac9b286fab9 -> 
  custom:scripting/monoscript/fileName/DistortTunnelPass_Tunnel.cs: 932f3fb43fe2df8a2ac984c62bc63690 -> 
  custom:container-demuxer-webm: 4f35f7cbe854078d1ac9338744f61a02 -> 
  custom:scripting/monoscript/fileName/DistortTunnelRendererFeature.cs: 514e5c8cb4d5b24f9164ab5e7b39bcae -> 
  custom:container-muxer-webm: aa71ff27fc2769a1b78a27578f13a17b -> 
  custom:video-decoder-webm-vp8: 9c59270c3fd7afecdb556c50c9e8de78 -> 
  custom:SearchIndexIgnoredProperties: e643bd26f0fe6173181afceb89e7c659 -> 
  custom:AudioImporter_EditorPlatform: d09bf68614088b80899f8185d706f6e7 -> 
  custom:scripting/monoscript/fileName/BlitToRTHandleRendererFeature.cs: 35b53ce5e56c94adfac8dceb27c311f5 -> 
  custom:scripting/monoscript/fileName/BlitToRTHandlePass.cs: 94dc118fae93de0d11011ec324a69480 -> 
  custom:scripting/monoscript/fileName/SkyboxCamera.cs: 156645e0d269d950bc6eb98d6546bb06 -> 
  custom:scripting/monoscript/fileName/AutoLoadPipelineAsset.cs: e14658d06d8aea7c09356132503300f5 -> 
  custom:scripting/monoscript/fileName/KeepFrameFeature.cs: d89d7a0f99a331a3c44b26bc551b69cf -> 
  custom:video-encoder-webm-vp8: eb34c28f22e8b96e1ab97ce403110664 -> 
  custom:audio-decoder-ogg-vorbis: bf7c407c2cedff20999df2af8eb42d56 -> 
  custom:scripting/monoscript/fileName/ScreenSpacePlacement.cs: def3df16d351e2ada80d8740264a42fc -> 
  custom:scripting/monoscript/fileName/FirstPersonController.cs: 8d3e1e9cbae8a175d4b9e7e3e7536c1f -> 
  custom:audio-encoder-webm-vorbis: bf7c407c2cedff20999df2af8eb42d56 -> 
========================================================================
Received Import Request.
  Time since last request: 1202.863509 seconds.
  path: Assets/Prefabs/Players/Player.prefab
  artifactKey: Guid(98410f3ce01027f4596c66b47c4341ad) Importer(815301076,1909f56bfc062723c751e8b465ee728b)
Start importing Assets/Prefabs/Players/Player.prefab using Guid(98410f3ce01027f4596c66b47c4341ad) Importer(815301076,1909f56bfc062723c751e8b465ee728b) [PhysX] Initialized MultithreadedTaskDispatcher with 12 workers.
[PhysX] Initialized MultithreadedTaskDispatcher with 12 workers.
 -> (artifact id: 'ce5275e7d21901b2c31bdff3cff4d27a') in 0.175625 seconds
Number of updated asset objects reloaded before import = 0
Number of asset objects unloaded after import = 45
========================================================================
Received Prepare
Begin MonoManager ReloadAssembly
- Loaded All Assemblies, in  0.500 seconds
Refreshing native plugins compatible for Editor in 4.59 ms, found 4 plugins.
Native extension for WindowsStandalone target not found
Native extension for WebGL target not found
Mono: successfully reloaded assembly
- Finished resetting the current domain, in  1.347 seconds
Domain Reload Profiling: 1842ms
	BeginReloadAssembly (171ms)
		ExecutionOrderSort (0ms)
		DisableScriptedObjects (14ms)
		BackupInstance (0ms)
		ReleaseScriptingObjects (0ms)
		CreateAndSetChildDomain (42ms)
	RebuildCommonClasses (24ms)
	RebuildNativeTypeToScriptingClass (9ms)
	initialDomainReloadingComplete (28ms)
	LoadAllAssembliesAndSetupDomain (264ms)
		LoadAssemblies (329ms)
		RebuildTransferFunctionScriptingTraits (0ms)
		AnalyzeDomain (18ms)
			TypeCache.Refresh (7ms)
				TypeCache.ScanAssembly (0ms)
			ScanForSourceGeneratedMonoScriptInfo (0ms)
			ResolveRequiredComponents (10ms)
	FinalizeReload (1347ms)
		ReleaseScriptCaches (0ms)
		RebuildScriptCaches (0ms)
		SetupLoadedEditorAssemblies (499ms)
			LogAssemblyErrors (0ms)
			InitializePlatformSupportModulesInManaged (8ms)
			SetLoadedEditorAssemblies (4ms)
			RefreshPlugins (0ms)
			BeforeProcessingInitializeOnLoad (90ms)
			ProcessInitializeOnLoadAttributes (309ms)
			ProcessInitializeOnLoadMethodAttributes (79ms)
			AfterProcessingInitializeOnLoad (9ms)
			EditorAssembliesLoaded (0ms)
		ExecutionOrderSort2 (0ms)
		AwakeInstancesAfterBackupRestoration (17ms)
Shader Hidden/ProbeVolume/VoxelizeScene is not supported: GPU does not support conservative rasterization
Refreshing native plugins compatible for Editor in 4.94 ms, found 4 plugins.
Preloading 0 native plugins for Editor in 0.00 ms.
Unloading 5613 Unused Serialized files (Serialized files now loaded: 0)
Unloading 56 unused Assets / (507.2 KB). Loaded Objects now: 6437.
Memory consumption went from 200.8 MB to 200.3 MB.
Total: 4.261300 ms (FindLiveObjects: 0.451500 ms CreateObjectMapping: 0.333400 ms MarkObjects: 3.218400 ms  DeleteObjects: 0.257300 ms)

Prepare: number of updated asset objects reloaded= 0
AssetImportParameters requested are different than current active one (requested -> active):
  custom:container-demuxer-ogg: 62fdf1f143b41e24485cea50d1cbac27 -> 
  custom:scripting/monoscript/fileName/DistortTunnelPass_Distort.cs: e17fd6aebb1f9aae89c3ea13f460c1d4 -> 
  custom:video-decoder-ogg-theora: a1e56fd34408186e4bbccfd4996cb3dc -> 
  custom:framework-win-MediaFoundation: 216162199b28c13a410421893ffa2e32 -> 
  custom:scripting/monoscript/fileName/NewBehaviourScript.cs: b21687ddb03d73bd9f0c1daecb9714de -> 
  custom:scripting/monoscript/fileName/DepthBlitFeature.cs: 9276584c38c07a08d58add88200da03b -> 
  custom:scripting/monoscript/fileName/DistortTunnelPass_CopyColor.cs: 920bd23220de3923e0d97c52ff4d9b4a -> 
  custom:CustomObjectIndexerAttribute: 72b91833f83ae208fae7752999fa3104 -> 
  custom:scripting/monoscript/fileName/DepthBlitEdgePass.cs: 41c3d98af3c2c12dcff99ac9b286fab9 -> 
  custom:scripting/monoscript/fileName/DistortTunnelPass_Tunnel.cs: 932f3fb43fe2df8a2ac984c62bc63690 -> 
  custom:container-demuxer-webm: 4f35f7cbe854078d1ac9338744f61a02 -> 
  custom:scripting/monoscript/fileName/DistortTunnelRendererFeature.cs: 514e5c8cb4d5b24f9164ab5e7b39bcae -> 
  custom:container-muxer-webm: aa71ff27fc2769a1b78a27578f13a17b -> 
  custom:video-decoder-webm-vp8: 9c59270c3fd7afecdb556c50c9e8de78 -> 
  custom:SearchIndexIgnoredProperties: e643bd26f0fe6173181afceb89e7c659 -> 
  custom:AudioImporter_EditorPlatform: d09bf68614088b80899f8185d706f6e7 -> 
  custom:scripting/monoscript/fileName/BlitToRTHandleRendererFeature.cs: 35b53ce5e56c94adfac8dceb27c311f5 -> 
  custom:scripting/monoscript/fileName/BlitToRTHandlePass.cs: 94dc118fae93de0d11011ec324a69480 -> 
  custom:scripting/monoscript/fileName/SkyboxCamera.cs: 156645e0d269d950bc6eb98d6546bb06 -> 
  custom:scripting/monoscript/fileName/AutoLoadPipelineAsset.cs: e14658d06d8aea7c09356132503300f5 -> 
  custom:scripting/monoscript/fileName/KeepFrameFeature.cs: d89d7a0f99a331a3c44b26bc551b69cf -> 
  custom:video-encoder-webm-vp8: eb34c28f22e8b96e1ab97ce403110664 -> 
  custom:audio-decoder-ogg-vorbis: bf7c407c2cedff20999df2af8eb42d56 -> 
  custom:scripting/monoscript/fileName/ScreenSpacePlacement.cs: def3df16d351e2ada80d8740264a42fc -> 
  custom:scripting/monoscript/fileName/FirstPersonController.cs: 8d3e1e9cbae8a175d4b9e7e3e7536c1f -> 
  custom:audio-encoder-webm-vorbis: bf7c407c2cedff20999df2af8eb42d56 -> 
========================================================================
Received Import Request.
  Time since last request: 1430.945297 seconds.
  path: Assets/Prefabs/Mechanisms/pressureplate.prefab
  artifactKey: Guid(5f252b7ee9dc420409b38e4c9638aa61) Importer(815301076,1909f56bfc062723c751e8b465ee728b)
Start importing Assets/Prefabs/Mechanisms/pressureplate.prefab using Guid(5f252b7ee9dc420409b38e4c9638aa61) Importer(815301076,1909f56bfc062723c751e8b465ee728b) [PhysX] Initialized MultithreadedTaskDispatcher with 12 workers.
[PhysX] Initialized MultithreadedTaskDispatcher with 12 workers.
 -> (artifact id: '2faecc3ecf7a2173bf073a4f41386c71') in 0.183525 seconds
Number of updated asset objects reloaded before import = 0
Number of asset objects unloaded after import = 37
========================================================================
Received Import Request.
  Time since last request: 7.897147 seconds.
  path: Assets/Prefabs/Mechanisms/pressureplate.prefab
  artifactKey: Guid(5f252b7ee9dc420409b38e4c9638aa61) Importer(815301076,1909f56bfc062723c751e8b465ee728b)
Start importing Assets/Prefabs/Mechanisms/pressureplate.prefab using Guid(5f252b7ee9dc420409b38e4c9638aa61) Importer(815301076,1909f56bfc062723c751e8b465ee728b) [PhysX] Initialized MultithreadedTaskDispatcher with 12 workers.
[PhysX] Initialized MultithreadedTaskDispatcher with 12 workers.
 -> (artifact id: 'a6cd1d51bfbf344bf09d183fdb89e244') in 0.007756 seconds
Number of updated asset objects reloaded before import = 0
Number of asset objects unloaded after import = 19
========================================================================
Received Prepare
Begin MonoManager ReloadAssembly
- Loaded All Assemblies, in  0.430 seconds
Refreshing native plugins compatible for Editor in 4.50 ms, found 4 plugins.
Native extension for WindowsStandalone target not found
Native extension for WebGL target not found
Mono: successfully reloaded assembly
- Finished resetting the current domain, in  1.261 seconds
Domain Reload Profiling: 1688ms
	BeginReloadAssembly (155ms)
		ExecutionOrderSort (0ms)
		DisableScriptedObjects (16ms)
		BackupInstance (0ms)
		ReleaseScriptingObjects (0ms)
		CreateAndSetChildDomain (43ms)
	RebuildCommonClasses (23ms)
	RebuildNativeTypeToScriptingClass (8ms)
	initialDomainReloadingComplete (27ms)
	LoadAllAssembliesAndSetupDomain (212ms)
		LoadAssemblies (260ms)
		RebuildTransferFunctionScriptingTraits (0ms)
		AnalyzeDomain (18ms)
			TypeCache.Refresh (8ms)
				TypeCache.ScanAssembly (0ms)
			ScanForSourceGeneratedMonoScriptInfo (0ms)
			ResolveRequiredComponents (9ms)
	FinalizeReload (1262ms)
		ReleaseScriptCaches (0ms)
		RebuildScriptCaches (0ms)
		SetupLoadedEditorAssemblies (518ms)
			LogAssemblyErrors (0ms)
			InitializePlatformSupportModulesInManaged (9ms)
			SetLoadedEditorAssemblies (4ms)
			RefreshPlugins (0ms)
			BeforeProcessingInitializeOnLoad (100ms)
			ProcessInitializeOnLoadAttributes (315ms)
			ProcessInitializeOnLoadMethodAttributes (80ms)
			AfterProcessingInitializeOnLoad (10ms)
			EditorAssembliesLoaded (0ms)
		ExecutionOrderSort2 (0ms)
		AwakeInstancesAfterBackupRestoration (20ms)
Shader Hidden/ProbeVolume/VoxelizeScene is not supported: GPU does not support conservative rasterization
Refreshing native plugins compatible for Editor in 5.57 ms, found 4 plugins.
Preloading 0 native plugins for Editor in 0.00 ms.
Unloading 5613 Unused Serialized files (Serialized files now loaded: 0)
Unloading 56 unused Assets / (508.7 KB). Loaded Objects now: 6479.
Memory consumption went from 201.0 MB to 200.5 MB.
Total: 4.149300 ms (FindLiveObjects: 0.606100 ms CreateObjectMapping: 0.341100 ms MarkObjects: 2.949100 ms  DeleteObjects: 0.252100 ms)

Prepare: number of updated asset objects reloaded= 0
AssetImportParameters requested are different than current active one (requested -> active):
  custom:container-demuxer-ogg: 62fdf1f143b41e24485cea50d1cbac27 -> 
  custom:scripting/monoscript/fileName/DistortTunnelPass_Distort.cs: e17fd6aebb1f9aae89c3ea13f460c1d4 -> 
  custom:video-decoder-ogg-theora: a1e56fd34408186e4bbccfd4996cb3dc -> 
  custom:framework-win-MediaFoundation: 216162199b28c13a410421893ffa2e32 -> 
  custom:scripting/monoscript/fileName/NewBehaviourScript.cs: b21687ddb03d73bd9f0c1daecb9714de -> 
  custom:scripting/monoscript/fileName/DepthBlitFeature.cs: 9276584c38c07a08d58add88200da03b -> 
  custom:scripting/monoscript/fileName/DistortTunnelPass_CopyColor.cs: 920bd23220de3923e0d97c52ff4d9b4a -> 
  custom:CustomObjectIndexerAttribute: 72b91833f83ae208fae7752999fa3104 -> 
  custom:scripting/monoscript/fileName/DepthBlitEdgePass.cs: 41c3d98af3c2c12dcff99ac9b286fab9 -> 
  custom:scripting/monoscript/fileName/DistortTunnelPass_Tunnel.cs: 932f3fb43fe2df8a2ac984c62bc63690 -> 
  custom:container-demuxer-webm: 4f35f7cbe854078d1ac9338744f61a02 -> 
  custom:scripting/monoscript/fileName/DistortTunnelRendererFeature.cs: 514e5c8cb4d5b24f9164ab5e7b39bcae -> 
  custom:container-muxer-webm: aa71ff27fc2769a1b78a27578f13a17b -> 
  custom:video-decoder-webm-vp8: 9c59270c3fd7afecdb556c50c9e8de78 -> 
  custom:SearchIndexIgnoredProperties: e643bd26f0fe6173181afceb89e7c659 -> 
  custom:AudioImporter_EditorPlatform: d09bf68614088b80899f8185d706f6e7 -> 
  custom:scripting/monoscript/fileName/BlitToRTHandleRendererFeature.cs: 35b53ce5e56c94adfac8dceb27c311f5 -> 
  custom:scripting/monoscript/fileName/BlitToRTHandlePass.cs: 94dc118fae93de0d11011ec324a69480 -> 
  custom:scripting/monoscript/fileName/SkyboxCamera.cs: 156645e0d269d950bc6eb98d6546bb06 -> 
  custom:scripting/monoscript/fileName/AutoLoadPipelineAsset.cs: e14658d06d8aea7c09356132503300f5 -> 
  custom:scripting/monoscript/fileName/KeepFrameFeature.cs: d89d7a0f99a331a3c44b26bc551b69cf -> 
  custom:video-encoder-webm-vp8: eb34c28f22e8b96e1ab97ce403110664 -> 
  custom:audio-decoder-ogg-vorbis: bf7c407c2cedff20999df2af8eb42d56 -> 
  custom:scripting/monoscript/fileName/ScreenSpacePlacement.cs: def3df16d351e2ada80d8740264a42fc -> 
  custom:scripting/monoscript/fileName/FirstPersonController.cs: 8d3e1e9cbae8a175d4b9e7e3e7536c1f -> 
  custom:audio-encoder-webm-vorbis: bf7c407c2cedff20999df2af8eb42d56 -> 
========================================================================
Received Prepare
Begin MonoManager ReloadAssembly
- Loaded All Assemblies, in  0.424 seconds
Refreshing native plugins compatible for Editor in 4.45 ms, found 4 plugins.
Native extension for WindowsStandalone target not found
Native extension for WebGL target not found
Mono: successfully reloaded assembly
- Finished resetting the current domain, in  1.202 seconds
Domain Reload Profiling: 1623ms
	BeginReloadAssembly (144ms)
		ExecutionOrderSort (0ms)
		DisableScriptedObjects (9ms)
		BackupInstance (0ms)
		ReleaseScriptingObjects (0ms)
		CreateAndSetChildDomain (35ms)
	RebuildCommonClasses (25ms)
	RebuildNativeTypeToScriptingClass (8ms)
	initialDomainReloadingComplete (26ms)
	LoadAllAssembliesAndSetupDomain (217ms)
		LoadAssemblies (268ms)
		RebuildTransferFunctionScriptingTraits (0ms)
		AnalyzeDomain (18ms)
			TypeCache.Refresh (6ms)
				TypeCache.ScanAssembly (0ms)
			ScanForSourceGeneratedMonoScriptInfo (0ms)
			ResolveRequiredComponents (11ms)
	FinalizeReload (1202ms)
		ReleaseScriptCaches (0ms)
		RebuildScriptCaches (0ms)
		SetupLoadedEditorAssemblies (483ms)
			LogAssemblyErrors (0ms)
			InitializePlatformSupportModulesInManaged (10ms)
			SetLoadedEditorAssemblies (4ms)
			RefreshPlugins (0ms)
			BeforeProcessingInitializeOnLoad (91ms)
			ProcessInitializeOnLoadAttributes (300ms)
			ProcessInitializeOnLoadMethodAttributes (70ms)
			AfterProcessingInitializeOnLoad (9ms)
			EditorAssembliesLoaded (0ms)
		ExecutionOrderSort2 (0ms)
		AwakeInstancesAfterBackupRestoration (20ms)
Shader Hidden/ProbeVolume/VoxelizeScene is not supported: GPU does not support conservative rasterization
Refreshing native plugins compatible for Editor in 5.48 ms, found 4 plugins.
Preloading 0 native plugins for Editor in 0.00 ms.
Unloading 5613 Unused Serialized files (Serialized files now loaded: 0)
Unloading 56 unused Assets / (507.8 KB). Loaded Objects now: 6484.
Memory consumption went from 200.8 MB to 200.3 MB.
Total: 3.952800 ms (FindLiveObjects: 0.457000 ms CreateObjectMapping: 0.186000 ms MarkObjects: 3.038800 ms  DeleteObjects: 0.270000 ms)

Prepare: number of updated asset objects reloaded= 0
AssetImportParameters requested are different than current active one (requested -> active):
  custom:container-demuxer-ogg: 62fdf1f143b41e24485cea50d1cbac27 -> 
  custom:scripting/monoscript/fileName/DistortTunnelPass_Distort.cs: e17fd6aebb1f9aae89c3ea13f460c1d4 -> 
  custom:video-decoder-ogg-theora: a1e56fd34408186e4bbccfd4996cb3dc -> 
  custom:framework-win-MediaFoundation: 216162199b28c13a410421893ffa2e32 -> 
  custom:scripting/monoscript/fileName/NewBehaviourScript.cs: b21687ddb03d73bd9f0c1daecb9714de -> 
  custom:scripting/monoscript/fileName/DepthBlitFeature.cs: 9276584c38c07a08d58add88200da03b -> 
  custom:scripting/monoscript/fileName/DistortTunnelPass_CopyColor.cs: 920bd23220de3923e0d97c52ff4d9b4a -> 
  custom:CustomObjectIndexerAttribute: 72b91833f83ae208fae7752999fa3104 -> 
  custom:scripting/monoscript/fileName/DepthBlitEdgePass.cs: 41c3d98af3c2c12dcff99ac9b286fab9 -> 
  custom:scripting/monoscript/fileName/DistortTunnelPass_Tunnel.cs: 932f3fb43fe2df8a2ac984c62bc63690 -> 
  custom:container-demuxer-webm: 4f35f7cbe854078d1ac9338744f61a02 -> 
  custom:scripting/monoscript/fileName/DistortTunnelRendererFeature.cs: 514e5c8cb4d5b24f9164ab5e7b39bcae -> 
  custom:container-muxer-webm: aa71ff27fc2769a1b78a27578f13a17b -> 
  custom:video-decoder-webm-vp8: 9c59270c3fd7afecdb556c50c9e8de78 -> 
  custom:SearchIndexIgnoredProperties: e643bd26f0fe6173181afceb89e7c659 -> 
  custom:AudioImporter_EditorPlatform: d09bf68614088b80899f8185d706f6e7 -> 
  custom:scripting/monoscript/fileName/BlitToRTHandleRendererFeature.cs: 35b53ce5e56c94adfac8dceb27c311f5 -> 
  custom:scripting/monoscript/fileName/BlitToRTHandlePass.cs: 94dc118fae93de0d11011ec324a69480 -> 
  custom:scripting/monoscript/fileName/SkyboxCamera.cs: 156645e0d269d950bc6eb98d6546bb06 -> 
  custom:scripting/monoscript/fileName/AutoLoadPipelineAsset.cs: e14658d06d8aea7c09356132503300f5 -> 
  custom:scripting/monoscript/fileName/KeepFrameFeature.cs: d89d7a0f99a331a3c44b26bc551b69cf -> 
  custom:video-encoder-webm-vp8: eb34c28f22e8b96e1ab97ce403110664 -> 
  custom:audio-decoder-ogg-vorbis: bf7c407c2cedff20999df2af8eb42d56 -> 
  custom:scripting/monoscript/fileName/ScreenSpacePlacement.cs: def3df16d351e2ada80d8740264a42fc -> 
  custom:scripting/monoscript/fileName/FirstPersonController.cs: 8d3e1e9cbae8a175d4b9e7e3e7536c1f -> 
  custom:audio-encoder-webm-vorbis: bf7c407c2cedff20999df2af8eb42d56 -> 
========================================================================
Received Prepare
Begin MonoManager ReloadAssembly
- Loaded All Assemblies, in  0.428 seconds
Refreshing native plugins compatible for Editor in 4.33 ms, found 4 plugins.
Native extension for WindowsStandalone target not found
Native extension for WebGL target not found
Mono: successfully reloaded assembly
- Finished resetting the current domain, in  1.240 seconds
Domain Reload Profiling: 1665ms
	BeginReloadAssembly (141ms)
		ExecutionOrderSort (0ms)
		DisableScriptedObjects (9ms)
		BackupInstance (0ms)
		ReleaseScriptingObjects (0ms)
		CreateAndSetChildDomain (34ms)
	RebuildCommonClasses (30ms)
	RebuildNativeTypeToScriptingClass (8ms)
	initialDomainReloadingComplete (26ms)
	LoadAllAssembliesAndSetupDomain (220ms)
		LoadAssemblies (270ms)
		RebuildTransferFunctionScriptingTraits (0ms)
		AnalyzeDomain (17ms)
			TypeCache.Refresh (6ms)
				TypeCache.ScanAssembly (0ms)
			ScanForSourceGeneratedMonoScriptInfo (0ms)
			ResolveRequiredComponents (10ms)
	FinalizeReload (1240ms)
		ReleaseScriptCaches (0ms)
		RebuildScriptCaches (0ms)
		SetupLoadedEditorAssemblies (468ms)
			LogAssemblyErrors (0ms)
			InitializePlatformSupportModulesInManaged (8ms)
			SetLoadedEditorAssemblies (3ms)
			RefreshPlugins (0ms)
			BeforeProcessingInitializeOnLoad (92ms)
			ProcessInitializeOnLoadAttributes (295ms)
			ProcessInitializeOnLoadMethodAttributes (63ms)
			AfterProcessingInitializeOnLoad (7ms)
			EditorAssembliesLoaded (0ms)
		ExecutionOrderSort2 (0ms)
		AwakeInstancesAfterBackupRestoration (15ms)
Shader Hidden/ProbeVolume/VoxelizeScene is not supported: GPU does not support conservative rasterization
Refreshing native plugins compatible for Editor in 5.80 ms, found 4 plugins.
Preloading 0 native plugins for Editor in 0.00 ms.
Unloading 5613 Unused Serialized files (Serialized files now loaded: 0)
Unloading 56 unused Assets / (508.6 KB). Loaded Objects now: 6489.
Memory consumption went from 200.9 MB to 200.4 MB.
Total: 4.372300 ms (FindLiveObjects: 0.475600 ms CreateObjectMapping: 0.354500 ms MarkObjects: 3.257400 ms  DeleteObjects: 0.283900 ms)

Prepare: number of updated asset objects reloaded= 0
AssetImportParameters requested are different than current active one (requested -> active):
  custom:container-demuxer-ogg: 62fdf1f143b41e24485cea50d1cbac27 -> 
  custom:scripting/monoscript/fileName/DistortTunnelPass_Distort.cs: e17fd6aebb1f9aae89c3ea13f460c1d4 -> 
  custom:video-decoder-ogg-theora: a1e56fd34408186e4bbccfd4996cb3dc -> 
  custom:framework-win-MediaFoundation: 216162199b28c13a410421893ffa2e32 -> 
  custom:scripting/monoscript/fileName/NewBehaviourScript.cs: b21687ddb03d73bd9f0c1daecb9714de -> 
  custom:scripting/monoscript/fileName/DepthBlitFeature.cs: 9276584c38c07a08d58add88200da03b -> 
  custom:scripting/monoscript/fileName/DistortTunnelPass_CopyColor.cs: 920bd23220de3923e0d97c52ff4d9b4a -> 
  custom:CustomObjectIndexerAttribute: 72b91833f83ae208fae7752999fa3104 -> 
  custom:scripting/monoscript/fileName/DepthBlitEdgePass.cs: 41c3d98af3c2c12dcff99ac9b286fab9 -> 
  custom:scripting/monoscript/fileName/DistortTunnelPass_Tunnel.cs: 932f3fb43fe2df8a2ac984c62bc63690 -> 
  custom:container-demuxer-webm: 4f35f7cbe854078d1ac9338744f61a02 -> 
  custom:scripting/monoscript/fileName/DistortTunnelRendererFeature.cs: 514e5c8cb4d5b24f9164ab5e7b39bcae -> 
  custom:container-muxer-webm: aa71ff27fc2769a1b78a27578f13a17b -> 
  custom:video-decoder-webm-vp8: 9c59270c3fd7afecdb556c50c9e8de78 -> 
  custom:SearchIndexIgnoredProperties: e643bd26f0fe6173181afceb89e7c659 -> 
  custom:AudioImporter_EditorPlatform: d09bf68614088b80899f8185d706f6e7 -> 
  custom:scripting/monoscript/fileName/BlitToRTHandleRendererFeature.cs: 35b53ce5e56c94adfac8dceb27c311f5 -> 
  custom:scripting/monoscript/fileName/BlitToRTHandlePass.cs: 94dc118fae93de0d11011ec324a69480 -> 
  custom:scripting/monoscript/fileName/SkyboxCamera.cs: 156645e0d269d950bc6eb98d6546bb06 -> 
  custom:scripting/monoscript/fileName/AutoLoadPipelineAsset.cs: e14658d06d8aea7c09356132503300f5 -> 
  custom:scripting/monoscript/fileName/KeepFrameFeature.cs: d89d7a0f99a331a3c44b26bc551b69cf -> 
  custom:video-encoder-webm-vp8: eb34c28f22e8b96e1ab97ce403110664 -> 
  custom:audio-decoder-ogg-vorbis: bf7c407c2cedff20999df2af8eb42d56 -> 
  custom:scripting/monoscript/fileName/ScreenSpacePlacement.cs: def3df16d351e2ada80d8740264a42fc -> 
  custom:scripting/monoscript/fileName/FirstPersonController.cs: 8d3e1e9cbae8a175d4b9e7e3e7536c1f -> 
  custom:audio-encoder-webm-vorbis: bf7c407c2cedff20999df2af8eb42d56 -> 
========================================================================
Received Import Request.
  Time since last request: 986.773316 seconds.
  path: Assets/Shaders/FogCutout.shader
  artifactKey: Guid(13e07a26dcb7a6f4ea6f9d3a4d04fe10) Importer(815301076,1909f56bfc062723c751e8b465ee728b)
Start importing Assets/Shaders/FogCutout.shader using Guid(13e07a26dcb7a6f4ea6f9d3a4d04fe10) Importer(815301076,1909f56bfc062723c751e8b465ee728b) [PhysX] Initialized MultithreadedTaskDispatcher with 12 workers.
 -> (artifact id: '1fa37a4b6be29f7079601a1b0e9d2bfc') in 0.008509 seconds
Number of updated asset objects reloaded before import = 2
Number of asset objects unloaded after import = 0
========================================================================
Received Import Request.
  Time since last request: 6.186793 seconds.
  path: Assets/Shaders/FogCutoutWrite.shader
  artifactKey: Guid(e78042ae85b443b41bda550d29c93719) Importer(815301076,1909f56bfc062723c751e8b465ee728b)
Start importing Assets/Shaders/FogCutoutWrite.shader using Guid(e78042ae85b443b41bda550d29c93719) Importer(815301076,1909f56bfc062723c751e8b465ee728b) [PhysX] Initialized MultithreadedTaskDispatcher with 12 workers.
 -> (artifact id: 'a989eb90ac57884f1b5dce9bdb4e07e6') in 0.000672 seconds
Number of updated asset objects reloaded before import = 0
Number of asset objects unloaded after import = 0
